Timestamp,Client_IP,MAC_Address,DHCP_Server,Operation,VLAN,Gateway,Assigned_IP,Lease_Duration_Seconds,Response_Time_MS,Transaction_ID,Success,Anomaly_Detected
2026-03-13 04:38:53,192.168.2.173,9e:73:65:4b:0c:17,DHCP-Server-02,ACK,VLAN-20,192.168.2.1,192.168.2.166,86400,213,TXN-000000,Yes,No
2026-03-12 05:03:53,192.168.5.50,c4:fd:cc:7c:4b:02,DHCP-Server-01,INFORM,VLAN-50,192.168.5.1,,0,0,TXN-000001,Pending,No
2026-03-15 01:20:53,192.168.2.206,ed:19:7f:3e:e9:44,DHCP-Server-04,DECLINE,VLAN-20,192.168.2.1,,0,0,TXN-000002,No,No
2026-03-14 17:06:53,192.168.5.153,a2:e2:da:e4:51:f3,DHCP-Server-04,REQUEST,VLAN-50,192.168.5.1,,0,0,TXN-000003,Pending,No
2026-03-14 11:11:53,192.168.3.197,f8:7a:8c:e1:27:92,DHCP-Server-02,REQUEST,VLAN-30,192.168.3.1,,0,0,TXN-000004,Pending,No
2026-03-13 12:20:53,192.168.5.21,46:4d:76:c4:4e:6d,DHCP-Server-01,ACK,VLAN-50,192.168.5.1,192.168.5.134,7200,278,TXN-000005,Yes,No
2026-03-13 02:13:53,192.168.1.53,d7:c7:0a:c2:f4:03,DHCP-Server-03,REQUEST,VLAN-10,192.168.1.1,,0,0,TXN-000006,Pending,No
2026-03-18 03:09:53,192.168.4.138,70:f9:70:8b:df:f8,DHCP-Server-01,ACK,VLAN-40,192.168.4.1,192.168.4.153,3600,371,TXN-000007,Yes,No
2026-03-12 21:58:53,192.168.4.236,41:0d:c9:0d:2a:db,DHCP-Server-02,INFORM,VLAN-40,192.168.4.1,,0,0,TXN-000008,Pending,No
2026-03-18 15:28:53,192.168.1.67,c2:a7:6c:e8:a7:ac,DHCP-Server-04,REQUEST,VLAN-10,192.168.1.1,,0,0,TXN-000009,Pending,No
2026-03-16 17:26:53,192.168.4.65,29:f0:09:1a:b3:72,DHCP-Server-01,INFORM,VLAN-40,192.168.4.1,,0,0,TXN-000010,Pending,No
2026-03-12 06:54:53,192.168.1.194,0f:7e:66:0a:4e:7a,DHCP-Server-02,ACK,VLAN-10,192.168.1.1,192.168.1.194,86400,486,TXN-000011,Yes,No
2026-03-12 06:22:53,192.168.3.197,bc:55:3a:53:9f:37,DHCP-Server-01,REQUEST,VLAN-30,192.168.3.1,,0,0,TXN-000012,Pending,No
2026-03-12 23:49:53,192.168.4.102,65:26:7c:34:9a:3d,DHCP-Server-01,REQUEST,VLAN-40,192.168.4.1,,0,0,TXN-000013,Pending,No
2026-03-14 09:56:53,192.168.3.18,ae:06:d7:fa:36:dd,DHCP-Server-03,DECLINE,VLAN-30,192.168.3.1,,0,0,TXN-000014,No,No
2026-03-14 13:45:53,192.168.4.182,4e:de:5a:8a:f7:ee,DHCP-Server-04,INFORM,VLAN-40,192.168.4.1,,0,0,TXN-000015,Pending,No
2026-03-17 16:13:53,192.168.3.83,7d:2c:8e:e6:7c:ed,DHCP-Server-04,REQUEST,VLAN-30,192.168.3.1,,0,0,TXN-000016,Pending,Yes
2026-03-18 18:37:53,192.168.3.47,f9:6c:b5:84:ae:8f,DHCP-Server-03,RELEASE,VLAN-30,192.168.3.1,,0,0,TXN-000017,Pending,Yes
2026-03-12 05:28:53,192.168.2.22,7b:d0:fa:7b:f3:fb,DHCP-Server-04,INFORM,VLAN-20,192.168.2.1,,0,0,TXN-000018,Pending,Yes
2026-03-18 07:29:53,192.168.3.57,cf:7c:9c:bc:f2:b0,DHCP-Server-04,DECLINE,VLAN-30,192.168.3.1,,0,0,TXN-000019,No,No
2026-03-14 04:31:53,192.168.3.180,e8:8a:9c:80:76:3d,DHCP-Server-02,REQUEST,VLAN-30,192.168.3.1,,0,0,TXN-000020,Pending,No
2026-03-18 03:02:53,192.168.5.244,5e:62:6e:f7:8d:90,DHCP-Server-01,INFORM,VLAN-50,192.168.5.1,,0,0,TXN-000021,Pending,No
2026-03-16 16:47:53,192.168.2.93,5b:9a:07:40:8c:17,DHCP-Server-01,RELEASE,VLAN-20,192.168.2.1,,0,0,TXN-000022,Pending,No
2026-03-14 10:25:53,192.168.2.164,fb:34:06:91:f0:f5,DHCP-Server-04,REQUEST,VLAN-20,192.168.2.1,,0,0,TXN-000023,Pending,No
2026-03-17 00:53:53,192.168.1.65,f4:3a:21:cd:fb:25,DHCP-Server-01,OFFER,VLAN-10,192.168.1.1,192.168.1.194,604800,486,TXN-000024,Pending,No
2026-03-18 15:08:53,192.168.2.31,d5:73:c2:e6:e2:98,DHCP-Server-04,REQUEST,VLAN-20,192.168.2.1,,0,0,TXN-000025,Pending,No
2026-03-15 02:11:53,192.168.1.157,32:6a:6c:87:29:50,DHCP-Server-02,OFFER,VLAN-10,192.168.1.1,192.168.1.90,86400,2,TXN-000026,Pending,No
2026-03-12 00:00:53,192.168.5.121,95:10:76:93:90:e8,DHCP-Server-01,DECLINE,VLAN-50,192.168.5.1,,0,0,TXN-000027,No,No
2026-03-13 17:49:53,192.168.3.202,65:d9:3a:73:4c:88,DHCP-Server-02,DISCOVER,VLAN-30,192.168.3.1,,0,0,TXN-000028,Pending,No
2026-03-16 17:38:53,192.168.3.153,93:e0:3f:ef:9b:ce,DHCP-Server-03,RELEASE,VLAN-30,192.168.3.1,,0,0,TXN-000029,Pending,No
2026-03-15 19:08:53,192.168.4.21,14:dd:a5:80:0d:2e,DHCP-Server-02,DECLINE,VLAN-40,192.168.4.1,,0,0,TXN-000030,No,No
2026-03-15 02:06:53,192.168.5.151,0a:89:14:59:f0:e2,DHCP-Server-03,OFFER,VLAN-50,192.168.5.1,192.168.5.175,7200,497,TXN-000031,Pending,No
2026-03-13 16:41:53,192.168.3.105,aa:a4:35:52:a8:d2,DHCP-Server-04,REQUEST,VLAN-30,192.168.3.1,,0,0,TXN-000032,Pending,No
2026-03-14 09:01:53,192.168.4.209,12:e8:2d:a1:81:a5,DHCP-Server-01,INFORM,VLAN-40,192.168.4.1,,0,0,TXN-000033,Pending,No
2026-03-15 18:08:53,192.168.5.212,00:ec:d3:1b:60:b9,DHCP-Server-04,DECLINE,VLAN-50,192.168.5.1,,0,0,TXN-000034,No,No
2026-03-13 02:08:53,192.168.1.53,88:43:93:e0:f8:3e,DHCP-Server-01,DECLINE,VLAN-10,192.168.1.1,,0,0,TXN-000035,No,No
2026-03-12 23:33:53,192.168.2.182,51:9f:07:d0:2f:73,DHCP-Server-01,ACK,VLAN-20,192.168.2.1,192.168.2.89,86400,256,TXN-000036,Yes,No
2026-03-16 05:58:53,192.168.3.131,8b:d4:f7:f1:7c:e9,DHCP-Server-02,ACK,VLAN-30,192.168.3.1,192.168.3.180,604800,383,TXN-000037,Yes,No
2026-03-13 00:38:53,192.168.1.71,d4:ae:88:01:90:98,DHCP-Server-04,INFORM,VLAN-10,192.168.1.1,,0,0,TXN-000038,Pending,No
2026-03-16 00:15:53,192.168.5.124,b0:aa:c1:e9:a4:60,DHCP-Server-02,RELEASE,VLAN-50,192.168.5.1,,0,0,TXN-000039,Pending,No
2026-03-15 20:09:53,192.168.4.12,a2:f2:c3:c5:4d:fd,DHCP-Server-01,OFFER,VLAN-40,192.168.4.1,192.168.4.75,3600,448,TXN-000040,Pending,No
2026-03-18 19:05:53,192.168.1.135,e9:07:49:d1:4f:26,DHCP-Server-04,INFORM,VLAN-10,192.168.1.1,,0,0,TXN-000041,Pending,No
2026-03-14 22:27:53,192.168.3.160,cb:29:a8:c2:a2:f9,DHCP-Server-01,RELEASE,VLAN-30,192.168.3.1,,0,0,TXN-000042,Pending,No
2026-03-12 10:05:53,192.168.3.59,2e:de:32:33:e3:55,DHCP-Server-03,DISCOVER,VLAN-30,192.168.3.1,,0,0,TXN-000043,Pending,Yes
2026-03-17 03:41:53,192.168.1.76,b7:bf:dc:4a:7d:d2,DHCP-Server-02,OFFER,VLAN-10,192.168.1.1,192.168.1.70,604800,313,TXN-000044,Pending,No
2026-03-18 00:39:53,192.168.5.175,7b:fe:49:76:ec:82,DHCP-Server-04,REQUEST,VLAN-50,192.168.5.1,,0,0,TXN-000045,Pending,No
2026-03-13 08:19:53,192.168.4.231,93:50:25:e2:b0:99,DHCP-Server-04,DECLINE,VLAN-40,192.168.4.1,,0,0,TXN-000046,No,No
2026-03-16 05:35:53,192.168.3.51,c4:f7:36:79:c3:b7,DHCP-Server-03,DECLINE,VLAN-30,192.168.3.1,,0,0,TXN-000047,No,No
2026-03-12 19:45:53,192.168.4.71,04:19:fe:92:75:b4,DHCP-Server-02,DECLINE,VLAN-40,192.168.4.1,,0,0,TXN-000048,No,No
2026-03-18 04:58:53,192.168.3.174,46:31:14:9e:e1:11,DHCP-Server-03,DECLINE,VLAN-30,192.168.3.1,,0,0,TXN-000049,No,No
2026-03-15 06:17:53,192.168.3.84,d4:59:66:43:bb:8b,DHCP-Server-02,REQUEST,VLAN-30,192.168.3.1,,0,0,TXN-000050,Pending,No
2026-03-16 00:59:53,192.168.4.248,97:ad:3a:ef:26:48,DHCP-Server-02,INFORM,VLAN-40,192.168.4.1,,0,0,TXN-000051,Pending,No
2026-03-18 11:53:53,192.168.4.248,bb:2e:ca:07:87:3f,DHCP-Server-04,REQUEST,VLAN-40,192.168.4.1,,0,0,TXN-000052,Pending,No
2026-03-14 02:44:53,192.168.3.150,c3:be:37:77:f1:0c,DHCP-Server-03,RELEASE,VLAN-30,192.168.3.1,,0,0,TXN-000053,Pending,No
2026-03-12 17:13:53,192.168.1.163,ed:9a:d1:3b:47:17,DHCP-Server-01,REQUEST,VLAN-10,192.168.1.1,,0,0,TXN-000054,Pending,No
2026-03-12 10:44:53,192.168.1.25,78:45:c6:e8:bd:d6,DHCP-Server-02,ACK,VLAN-10,192.168.1.1,192.168.1.175,86400,316,TXN-000055,Yes,No
2026-03-14 12:27:53,192.168.3.9,bd:6f:e3:e3:78:b9,DHCP-Server-01,DECLINE,VLAN-30,192.168.3.1,,0,0,TXN-000056,No,No
2026-03-15 05:15:53,192.168.3.16,cb:8d:61:3e:e8:2e,DHCP-Server-02,DECLINE,VLAN-30,192.168.3.1,,0,0,TXN-000057,No,No
2026-03-12 20:01:53,192.168.1.13,aa:7c:40:69:23:6a,DHCP-Server-02,INFORM,VLAN-10,192.168.1.1,,0,0,TXN-000058,Pending,No
2026-03-14 13:48:53,192.168.3.199,4b:01:8d:4a:42:80,DHCP-Server-02,DISCOVER,VLAN-30,192.168.3.1,,0,0,TXN-000059,Pending,No
2026-03-13 01:48:53,192.168.1.34,07:b7:79:a5:08:59,DHCP-Server-03,DISCOVER,VLAN-10,192.168.1.1,,0,0,TXN-000060,Pending,No
2026-03-16 06:01:53,192.168.4.135,3a:20:f3:e5:b9:37,DHCP-Server-04,RELEASE,VLAN-40,192.168.4.1,,0,0,TXN-000061,Pending,No
2026-03-15 02:08:53,192.168.5.12,9a:ea:0f:1f:f5:cd,DHCP-Server-04,DECLINE,VLAN-50,192.168.5.1,,0,0,TXN-000062,No,No
2026-03-17 02:02:53,192.168.4.19,29:a4:4b:21:40:8c,DHCP-Server-03,ACK,VLAN-40,192.168.4.1,192.168.4.166,3600,259,TXN-000063,Yes,No
2026-03-16 01:51:53,192.168.1.204,3a:6e:dc:e7:74:d3,DHCP-Server-03,INFORM,VLAN-10,192.168.1.1,,0,0,TXN-000064,Pending,No
2026-03-13 18:38:53,192.168.4.187,30:a0:da:a0:82:bf,DHCP-Server-02,DECLINE,VLAN-40,192.168.4.1,,0,0,TXN-000065,No,No
2026-03-16 03:19:53,192.168.1.24,2b:2f:dd:31:be:42,DHCP-Server-01,RELEASE,VLAN-10,192.168.1.1,,0,0,TXN-000066,Pending,No
2026-03-15 23:14:53,192.168.5.85,3e:d2:b5:d8:1a:93,DHCP-Server-03,REQUEST,VLAN-50,192.168.5.1,,0,0,TXN-000067,Pending,No
2026-03-14 07:26:53,192.168.5.55,4f:f6:72:37:b3:bc,DHCP-Server-01,INFORM,VLAN-50,192.168.5.1,,0,0,TXN-000068,Pending,No
2026-03-14 23:08:53,192.168.2.207,db:0d:88:0e:5c:8b,DHCP-Server-03,REQUEST,VLAN-20,192.168.2.1,,0,0,TXN-000069,Pending,No
2026-03-12 17:43:53,192.168.2.223,49:cd:23:48:0f:2e,DHCP-Server-02,ACK,VLAN-20,192.168.2.1,192.168.2.166,7200,175,TXN-000070,Yes,No
2026-03-18 20:34:53,192.168.3.185,a6:2b:1a:4f:50:19,DHCP-Server-01,REQUEST,VLAN-30,192.168.3.1,,0,0,TXN-000071,Pending,No
2026-03-13 20:57:53,192.168.4.125,e2:d4:8b:6e:3a:b0,DHCP-Server-04,DISCOVER,VLAN-40,192.168.4.1,,0,0,TXN-000072,Pending,No
2026-03-18 00:05:53,192.168.5.125,9d:17:70:ca:1c:03,DHCP-Server-02,REQUEST,VLAN-50,192.168.5.1,,0,0,TXN-000073,Pending,No
2026-03-14 17:04:53,192.168.2.196,82:94:a7:3d:03:fe,DHCP-Server-04,OFFER,VLAN-20,192.168.2.1,192.168.2.147,604800,273,TXN-000074,Pending,No
2026-03-13 18:51:53,192.168.5.144,b5:24:cb:15:df:09,DHCP-Server-04,DISCOVER,VLAN-50,192.168.5.1,,0,0,TXN-000075,Pending,No
2026-03-17 04:27:53,192.168.5.110,cf:d5:94:3a:cf:0a,DHCP-Server-03,OFFER,VLAN-50,192.168.5.1,192.168.5.142,7200,46,TXN-000076,Pending,No
2026-03-16 05:50:53,192.168.1.63,df:cd:28:ca:9e:ad,DHCP-Server-02,REQUEST,VLAN-10,192.168.1.1,,0,0,TXN-000077,Pending,No
2026-03-14 23:56:53,192.168.1.131,3a:63:b2:b3:4b:78,DHCP-Server-01,OFFER,VLAN-10,192.168.1.1,192.168.1.100,3600,89,TXN-000078,Pending,No
2026-03-18 06:19:53,192.168.1.46,fc:ed:e5:a5:a1:4d,DHCP-Server-04,DISCOVER,VLAN-10,192.168.1.1,,0,0,TXN-000079,Pending,No
2026-03-14 10:12:53,192.168.3.204,8c:1c:b4:25:9e:ec,DHCP-Server-04,DISCOVER,VLAN-30,192.168.3.1,,0,0,TXN-000080,Pending,No
2026-03-15 14:47:53,192.168.3.20,2e:c4:ec:15:e6:60,DHCP-Server-03,RELEASE,VLAN-30,192.168.3.1,,0,0,TXN-000081,Pending,No
2026-03-12 13:30:53,192.168.2.246,1f:e6:34:af:2b:58,DHCP-Server-01,OFFER,VLAN-20,192.168.2.1,192.168.2.162,7200,269,TXN-000082,Pending,No
2026-03-14 12:46:53,192.168.2.94,be:90:c6:d1:ad:1a,DHCP-Server-03,DISCOVER,VLAN-20,192.168.2.1,,0,0,TXN-000083,Pending,No
2026-03-12 06:59:53,192.168.5.174,c5:91:81:4c:aa:29,DHCP-Server-02,REQUEST,VLAN-50,192.168.5.1,,0,0,TXN-000084,Pending,No
2026-03-15 12:22:53,192.168.4.34,2b:9e:c0:a8:41:2f,DHCP-Server-04,RELEASE,VLAN-40,192.168.4.1,,0,0,TXN-000085,Pending,No
2026-03-16 11:46:53,192.168.3.80,5c:6d:ae:f8:62:73,DHCP-Server-02,OFFER,VLAN-30,192.168.3.1,192.168.3.125,86400,433,TXN-000086,Pending,No
2026-03-14 23:20:53,192.168.5.198,13:ac:43:c0:4e:53,DHCP-Server-02,INFORM,VLAN-50,192.168.5.1,,0,0,TXN-000087,Pending,No
2026-03-12 16:18:53,192.168.5.208,54:e0:16:d2:ba:79,DHCP-Server-04,RELEASE,VLAN-50,192.168.5.1,,0,0,TXN-000088,Pending,No
2026-03-14 07:50:53,192.168.4.60,7a:9e:f0:63:bc:e1,DHCP-Server-04,INFORM,VLAN-40,192.168.4.1,,0,0,TXN-000089,Pending,No
2026-03-18 09:06:53,192.168.4.129,d6:52:66:46:80:1a,DHCP-Server-04,INFORM,VLAN-40,192.168.4.1,,0,0,TXN-000090,Pending,No
2026-03-15 12:09:53,192.168.1.183,3f:91:2a:52:8b:e6,DHCP-Server-02,INFORM,VLAN-10,192.168.1.1,,0,0,TXN-000091,Pending,No
2026-03-14 08:17:53,192.168.2.210,e6:b2:0d:d4:1b:ca,DHCP-Server-03,OFFER,VLAN-20,192.168.2.1,192.168.2.70,7200,192,TXN-000092,Pending,No
2026-03-17 14:33:53,192.168.3.239,32:ab:4a:46:13:92,DHCP-Server-04,DECLINE,VLAN-30,192.168.3.1,,0,0,TXN-000093,No,No
2026-03-16 10:16:53,192.168.4.115,02:28:09:83:6e:4c,DHCP-Server-04,DISCOVER,VLAN-40,192.168.4.1,,0,0,TXN-000094,Pending,No
2026-03-17 03:31:53,192.168.2.78,3e:18:7a:d6:ea:20,DHCP-Server-01,INFORM,VLAN-20,192.168.2.1,,0,0,TXN-000095,Pending,No
2026-03-13 13:14:53,192.168.5.138,08:7b:49:95:db:00,DHCP-Server-03,OFFER,VLAN-50,192.168.5.1,192.168.5.97,7200,341,TXN-000096,Pending,No
2026-03-14 22:33:53,192.168.5.250,b8:22:0a:c7:f0:16,DHCP-Server-04,REQUEST,VLAN-50,192.168.5.1,,0,0,TXN-000097,Pending,No
2026-03-13 12:21:53,192.168.1.92,22:b0:7b:35:aa:44,DHCP-Server-01,REQUEST,VLAN-10,192.168.1.1,,0,0,TXN-000098,Pending,No
2026-03-14 17:34:53,192.168.2.213,ed:f5:5d:45:20:ea,DHCP-Server-01,REQUEST,VLAN-20,192.168.2.1,,0,0,TXN-000099,Pending,No
2026-03-18 07:31:53,192.168.2.227,15:a1:9e:cb:f2:81,DHCP-Server-01,INFORM,VLAN-20,192.168.2.1,,0,0,TXN-000100,Pending,No
2026-03-18 01:24:53,192.168.3.92,18:a9:8b:3f:bc:df,DHCP-Server-04,DECLINE,VLAN-30,192.168.3.1,,0,0,TXN-000101,No,No
2026-03-14 21:58:53,192.168.4.87,5f:fe:fe:bc:88:2a,DHCP-Server-04,DISCOVER,VLAN-40,192.168.4.1,,0,0,TXN-000102,Pending,No
2026-03-18 13:51:53,192.168.2.140,96:a4:34:28:a7:97,DHCP-Server-03,ACK,VLAN-20,192.168.2.1,192.168.2.92,7200,354,TXN-000103,Yes,No
2026-03-16 19:13:53,192.168.4.11,b4:de:8c:1d:26:cf,DHCP-Server-03,RELEASE,VLAN-40,192.168.4.1,,0,0,TXN-000104,Pending,No
2026-03-18 13:34:53,192.168.2.244,0f:49:e0:11:40:22,DHCP-Server-02,INFORM,VLAN-20,192.168.2.1,,0,0,TXN-000105,Pending,No
2026-03-16 11:17:53,192.168.3.99,10:4e:e6:bd:be:e3,DHCP-Server-01,RELEASE,VLAN-30,192.168.3.1,,0,0,TXN-000106,Pending,No
2026-03-16 01:04:53,192.168.3.102,a0:8e:7f:3a:0d:5f,DHCP-Server-04,RELEASE,VLAN-30,192.168.3.1,,0,0,TXN-000107,Pending,No
2026-03-14 10:07:53,192.168.5.31,86:85:e4:6d:92:fb,DHCP-Server-02,DISCOVER,VLAN-50,192.168.5.1,,0,0,TXN-000108,Pending,No
2026-03-13 12:00:53,192.168.1.116,58:e3:2c:a3:b1:21,DHCP-Server-03,REQUEST,VLAN-10,192.168.1.1,,0,0,TXN-000109,Pending,No
2026-03-17 17:22:53,192.168.2.204,b9:72:3e:66:47:79,DHCP-Server-04,DISCOVER,VLAN-20,192.168.2.1,,0,0,TXN-000110,Pending,No
2026-03-17 12:59:53,192.168.5.95,ef:42:2c:21:9e:cb,DHCP-Server-04,RELEASE,VLAN-50,192.168.5.1,,0,0,TXN-000111,Pending,No
2026-03-12 23:03:53,192.168.4.211,25:40:a2:25:e6:ee,DHCP-Server-03,OFFER,VLAN-40,192.168.4.1,192.168.4.83,604800,222,TXN-000112,Pending,No
2026-03-12 11:05:53,192.168.1.213,3f:4e:9b:54:52:a5,DHCP-Server-02,REQUEST,VLAN-10,192.168.1.1,,0,0,TXN-000113,Pending,No
2026-03-13 04:10:53,192.168.5.230,91:28:80:64:8c:40,DHCP-Server-03,RELEASE,VLAN-50,192.168.5.1,,0,0,TXN-000114,Pending,No
2026-03-13 15:58:53,192.168.5.165,56:4e:57:ac:15:0e,DHCP-Server-01,DISCOVER,VLAN-50,192.168.5.1,,0,0,TXN-000115,Pending,No
2026-03-13 17:55:53,192.168.5.68,6b:d5:0f:fe:94:9a,DHCP-Server-04,OFFER,VLAN-50,192.168.5.1,192.168.5.126,7200,233,TXN-000116,Pending,No
2026-03-16 17:30:53,192.168.1.41,e1:d4:f7:ed:68:ae,DHCP-Server-02,REQUEST,VLAN-10,192.168.1.1,,0,0,TXN-000117,Pending,No
2026-03-18 17:05:53,192.168.3.188,b0:cc:42:bd:36:a3,DHCP-Server-02,ACK,VLAN-30,192.168.3.1,192.168.3.118,86400,231,TXN-000118,Yes,No
2026-03-12 15:34:53,192.168.1.13,94:c4:d6:7f:51:a7,DHCP-Server-03,OFFER,VLAN-10,192.168.1.1,192.168.1.177,604800,264,TXN-000119,Pending,No
2026-03-16 07:18:53,192.168.3.128,0b:2e:c9:ea:7b:6e,DHCP-Server-03,DISCOVER,VLAN-30,192.168.3.1,,0,0,TXN-000120,Pending,No
2026-03-16 06:26:53,192.168.4.153,f0:92:04:37:dc:44,DHCP-Server-03,DECLINE,VLAN-40,192.168.4.1,,0,0,TXN-000121,No,No
2026-03-18 16:57:53,192.168.4.94,17:cd:1a:63:b9:93,DHCP-Server-01,ACK,VLAN-40,192.168.4.1,192.168.4.190,7200,144,TXN-000122,Yes,No
2026-03-17 06:02:53,192.168.5.175,3c:41:31:c9:bf:ad,DHCP-Server-03,INFORM,VLAN-50,192.168.5.1,,0,0,TXN-000123,Pending,No
2026-03-17 22:43:53,192.168.5.131,cd:14:17:13:46:aa,DHCP-Server-04,RELEASE,VLAN-50,192.168.5.1,,0,0,TXN-000124,Pending,No
2026-03-14 18:53:53,192.168.5.229,47:a7:a3:53:c9:99,DHCP-Server-03,RELEASE,VLAN-50,192.168.5.1,,0,0,TXN-000125,Pending,No
2026-03-18 05:18:53,192.168.5.126,99:f3:08:bc:a9:38,DHCP-Server-04,RELEASE,VLAN-50,192.168.5.1,,0,0,TXN-000126,Pending,No
2026-03-12 01:22:53,192.168.1.153,f2:87:74:1a:f5:57,DHCP-Server-04,OFFER,VLAN-10,192.168.1.1,192.168.1.58,604800,294,TXN-000127,Pending,No
2026-03-13 05:30:53,192.168.1.49,09:e1:a0:d6:4d:d3,DHCP-Server-02,ACK,VLAN-10,192.168.1.1,192.168.1.65,7200,362,TXN-000128,Yes,No
2026-03-18 00:51:53,192.168.2.144,a6:f4:c0:a0:58:eb,DHCP-Server-03,RELEASE,VLAN-20,192.168.2.1,,0,0,TXN-000129,Pending,No
2026-03-14 23:05:53,192.168.3.157,f7:62:7e:8e:98:73,DHCP-Server-03,INFORM,VLAN-30,192.168.3.1,,0,0,TXN-000130,Pending,No
2026-03-15 19:07:53,192.168.2.177,fa:a2:f5:b2:8c:93,DHCP-Server-01,RELEASE,VLAN-20,192.168.2.1,,0,0,TXN-000131,Pending,No
2026-03-13 04:41:53,192.168.4.230,ca:b0:4a:94:15:93,DHCP-Server-01,REQUEST,VLAN-40,192.168.4.1,,0,0,TXN-000132,Pending,No
2026-03-15 06:22:53,192.168.3.192,f5:6d:67:8a:8b:46,DHCP-Server-01,RELEASE,VLAN-30,192.168.3.1,,0,0,TXN-000133,Pending,No
2026-03-16 20:57:53,192.168.2.63,19:73:77:1a:33:d3,DHCP-Server-03,DECLINE,VLAN-20,192.168.2.1,,0,0,TXN-000134,No,No
2026-03-13 17:25:53,192.168.2.2,50:d0:f3:f4:66:93,DHCP-Server-03,REQUEST,VLAN-20,192.168.2.1,,0,0,TXN-000135,Pending,No
2026-03-17 02:07:53,192.168.1.167,76:13:59:d5:5a:12,DHCP-Server-04,INFORM,VLAN-10,192.168.1.1,,0,0,TXN-000136,Pending,No
2026-03-11 23:07:53,192.168.3.225,13:04:98:36:ab:91,DHCP-Server-04,DECLINE,VLAN-30,192.168.3.1,,0,0,TXN-000137,No,No
2026-03-14 22:09:53,192.168.4.228,44:ef:8b:62:39:a9,DHCP-Server-02,DECLINE,VLAN-40,192.168.4.1,,0,0,TXN-000138,No,No
2026-03-17 14:55:53,192.168.3.184,5f:07:ac:97:62:59,DHCP-Server-04,INFORM,VLAN-30,192.168.3.1,,0,0,TXN-000139,Pending,No
2026-03-13 23:01:53,192.168.3.23,cd:30:5e:47:f4:a5,DHCP-Server-02,DISCOVER,VLAN-30,192.168.3.1,,0,0,TXN-000140,Pending,No
2026-03-17 16:51:53,192.168.2.115,88:a8:9a:05:85:b8,DHCP-Server-02,DISCOVER,VLAN-20,192.168.2.1,,0,0,TXN-000141,Pending,No
2026-03-13 03:17:53,192.168.4.79,51:cf:9f:3c:97:bc,DHCP-Server-02,OFFER,VLAN-40,192.168.4.1,192.168.4.172,604800,79,TXN-000142,Pending,No
2026-03-15 07:43:53,192.168.5.96,d4:f1:6f:7e:29:e4,DHCP-Server-03,DISCOVER,VLAN-50,192.168.5.1,,0,0,TXN-000143,Pending,No
2026-03-17 16:51:53,192.168.1.16,67:4c:54:a7:e2:3b,DHCP-Server-02,DECLINE,VLAN-10,192.168.1.1,,0,0,TXN-000144,No,No
2026-03-18 20:31:53,192.168.1.231,e4:1c:e8:43:d4:e9,DHCP-Server-01,RELEASE,VLAN-10,192.168.1.1,,0,0,TXN-000145,Pending,No
2026-03-14 04:32:53,192.168.3.186,0b:ca:82:01:6f:25,DHCP-Server-01,ACK,VLAN-30,192.168.3.1,192.168.3.66,3600,278,TXN-000146,Yes,No
2026-03-13 15:58:53,192.168.1.253,f1:10:92:d1:5c:45,DHCP-Server-04,REQUEST,VLAN-10,192.168.1.1,,0,0,TXN-000147,Pending,No
2026-03-16 04:20:53,192.168.4.115,c1:c0:29:44:b2:3c,DHCP-Server-02,RELEASE,VLAN-40,192.168.4.1,,0,0,TXN-000148,Pending,No
2026-03-13 18:20:53,192.168.2.187,72:01:0b:98:ed:d9,DHCP-Server-04,INFORM,VLAN-20,192.168.2.1,,0,0,TXN-000149,Pending,No
2026-03-18 01:31:53,192.168.4.89,4f:8d:60:39:10:d6,DHCP-Server-01,OFFER,VLAN-40,192.168.4.1,192.168.4.67,604800,52,TXN-000150,Pending,No
2026-03-17 23:03:53,192.168.4.154,18:7d:16:cd:e0:77,DHCP-Server-02,INFORM,VLAN-40,192.168.4.1,,0,0,TXN-000151,Pending,No
2026-03-11 22:23:53,192.168.1.36,94:77:a3:a4:79:9a,DHCP-Server-02,DECLINE,VLAN-10,192.168.1.1,,0,0,TXN-000152,No,No
2026-03-18 17:47:53,192.168.4.77,8c:1f:59:da:fd:18,DHCP-Server-03,DECLINE,VLAN-40,192.168.4.1,,0,0,TXN-000153,No,No
2026-03-15 14:44:53,192.168.5.82,d5:d1:4c:99:c0:5e,DHCP-Server-04,OFFER,VLAN-50,192.168.5.1,192.168.5.126,604800,440,TXN-000154,Pending,No
2026-03-17 11:39:53,192.168.4.235,1d:d3:d5:44:c6:7c,DHCP-Server-03,OFFER,VLAN-40,192.168.4.1,192.168.4.70,3600,473,TXN-000155,Pending,No
2026-03-12 03:33:53,192.168.3.24,61:1a:89:c1:14:25,DHCP-Server-02,INFORM,VLAN-30,192.168.3.1,,0,0,TXN-000156,Pending,No
2026-03-13 04:46:53,192.168.5.56,f5:6a:aa:9b:07:6c,DHCP-Server-02,DECLINE,VLAN-50,192.168.5.1,,0,0,TXN-000157,No,No
2026-03-16 01:21:53,192.168.4.235,7c:68:cb:7a:a4:90,DHCP-Server-04,ACK,VLAN-40,192.168.4.1,192.168.4.128,3600,134,TXN-000158,Yes,No
2026-03-15 10:12:53,192.168.4.120,32:f0:a3:68:bd:a0,DHCP-Server-04,DISCOVER,VLAN-40,192.168.4.1,,0,0,TXN-000159,Pending,No
2026-03-14 15:37:53,192.168.2.190,4a:08:85:d5:97:4e,DHCP-Server-02,REQUEST,VLAN-20,192.168.2.1,,0,0,TXN-000160,Pending,No
2026-03-12 14:03:53,192.168.5.214,7d:ff:ac:83:fa:fb,DHCP-Server-04,OFFER,VLAN-50,192.168.5.1,192.168.5.93,3600,72,TXN-000161,Pending,No
2026-03-14 16:00:53,192.168.4.48,1e:11:26:18:03:d3,DHCP-Server-02,INFORM,VLAN-40,192.168.4.1,,0,0,TXN-000162,Pending,No
2026-03-18 09:09:53,192.168.1.182,4d:04:6f:e9:bf:1e,DHCP-Server-04,DECLINE,VLAN-10,192.168.1.1,,0,0,TXN-000163,No,No
2026-03-12 19:44:53,192.168.1.137,d2:06:08:8c:92:08,DHCP-Server-04,INFORM,VLAN-10,192.168.1.1,,0,0,TXN-000164,Pending,No
2026-03-12 21:37:53,192.168.2.28,31:4c:7b:62:81:b5,DHCP-Server-03,INFORM,VLAN-20,192.168.2.1,,0,0,TXN-000165,Pending,No
2026-03-17 10:56:53,192.168.3.246,cf:eb:7c:73:99:29,DHCP-Server-01,DISCOVER,VLAN-30,192.168.3.1,,0,0,TXN-000166,Pending,No
2026-03-12 17:07:53,192.168.4.142,f3:1c:04:57:2a:ff,DHCP-Server-04,DECLINE,VLAN-40,192.168.4.1,,0,0,TXN-000167,No,No
2026-03-17 23:41:53,192.168.5.251,30:15:75:6c:f3:8a,DHCP-Server-01,DISCOVER,VLAN-50,192.168.5.1,,0,0,TXN-000168,Pending,No
2026-03-13 08:34:53,192.168.3.231,10:5b:a1:08:6a:49,DHCP-Server-04,DISCOVER,VLAN-30,192.168.3.1,,0,0,TXN-000169,Pending,No
2026-03-13 09:17:53,192.168.5.62,c7:a9:c4:47:28:b1,DHCP-Server-01,DISCOVER,VLAN-50,192.168.5.1,,0,0,TXN-000170,Pending,No
2026-03-17 08:01:53,192.168.1.88,cb:a7:0f:8b:e6:fb,DHCP-Server-02,REQUEST,VLAN-10,192.168.1.1,,0,0,TXN-000171,Pending,No
2026-03-18 04:21:53,192.168.4.111,5f:c2:2b:97:7e:25,DHCP-Server-01,REQUEST,VLAN-40,192.168.4.1,,0,0,TXN-000172,Pending,No
2026-03-13 19:19:53,192.168.2.190,c7:a2:b8:36:2e:02,DHCP-Server-03,ACK,VLAN-20,192.168.2.1,192.168.2.119,3600,53,TXN-000173,Yes,No
2026-03-14 22:36:53,192.168.2.111,e5:d0:34:0d:2d:b5,DHCP-Server-01,RELEASE,VLAN-20,192.168.2.1,,0,0,TXN-000174,Pending,No
2026-03-17 22:19:53,192.168.3.222,c5:06:95:d3:c6:2b,DHCP-Server-02,RELEASE,VLAN-30,192.168.3.1,,0,0,TXN-000175,Pending,No
2026-03-18 19:52:53,192.168.4.44,47:89:9a:89:fc:4a,DHCP-Server-01,OFFER,VLAN-40,192.168.4.1,192.168.4.120,7200,216,TXN-000176,Pending,No
2026-03-16 17:46:53,192.168.1.93,80:7e:fd:64:ea:36,DHCP-Server-02,REQUEST,VLAN-10,192.168.1.1,,0,0,TXN-000177,Pending,Yes
2026-03-14 08:04:53,192.168.4.86,c2:a8:e1:ab:dc:45,DHCP-Server-03,REQUEST,VLAN-40,192.168.4.1,,0,0,TXN-000178,Pending,No
2026-03-18 01:29:53,192.168.2.123,a0:5a:cb:a3:95:fb,DHCP-Server-02,REQUEST,VLAN-20,192.168.2.1,,0,0,TXN-000179,Pending,No
2026-03-14 05:09:53,192.168.4.94,3a:66:5c:0d:ec:6b,DHCP-Server-04,INFORM,VLAN-40,192.168.4.1,,0,0,TXN-000180,Pending,No
2026-03-15 11:21:53,192.168.1.210,d1:ff:47:9b:7b:81,DHCP-Server-02,DECLINE,VLAN-10,192.168.1.1,,0,0,TXN-000181,No,No
2026-03-16 11:11:53,192.168.4.19,e5:f5:cd:d6:12:b8,DHCP-Server-01,DISCOVER,VLAN-40,192.168.4.1,,0,0,TXN-000182,Pending,No
2026-03-16 04:12:53,192.168.3.43,16:cc:a9:dc:36:05,DHCP-Server-01,REQUEST,VLAN-30,192.168.3.1,,0,0,TXN-000183,Pending,No
2026-03-16 21:51:53,192.168.5.143,71:e4:bf:c8:ed:4d,DHCP-Server-03,DISCOVER,VLAN-50,192.168.5.1,,0,0,TXN-000184,Pending,No
2026-03-17 19:33:53,192.168.3.107,2b:3b:48:b2:9f:af,DHCP-Server-04,INFORM,VLAN-30,192.168.3.1,,0,0,TXN-000185,Pending,No
2026-03-17 01:31:53,192.168.4.90,f3:31:e0:e7:a3:22,DHCP-Server-03,DISCOVER,VLAN-40,192.168.4.1,,0,0,TXN-000186,Pending,No
2026-03-13 07:16:53,192.168.1.6,af:37:54:7c:59:51,DHCP-Server-03,RELEASE,VLAN-10,192.168.1.1,,0,0,TXN-000187,Pending,No
2026-03-14 17:55:53,192.168.4.60,cf:5e:5f:dd:ca:0e,DHCP-Server-02,ACK,VLAN-40,192.168.4.1,192.168.4.149,7200,3,TXN-000188,Yes,No
2026-03-14 11:35:53,192.168.2.72,20:34:5f:bb:a6:64,DHCP-Server-04,DISCOVER,VLAN-20,192.168.2.1,,0,0,TXN-000189,Pending,No
2026-03-12 15:43:53,192.168.4.136,a0:c6:c8:3a:b2:b4,DHCP-Server-04,RELEASE,VLAN-40,192.168.4.1,,0,0,TXN-000190,Pending,No
2026-03-15 18:33:53,192.168.3.236,2b:44:a0:3c:7a:9c,DHCP-Server-01,OFFER,VLAN-30,192.168.3.1,192.168.3.86,3600,262,TXN-000191,Pending,No
2026-03-12 03:58:53,192.168.5.36,c4:d8:5f:f9:58:55,DHCP-Server-04,REQUEST,VLAN-50,192.168.5.1,,0,0,TXN-000192,Pending,No
2026-03-18 14:52:53,192.168.3.216,e6:1b:b7:04:f8:45,DHCP-Server-02,INFORM,VLAN-30,192.168.3.1,,0,0,TXN-000193,Pending,No
2026-03-18 05:29:53,192.168.5.130,fd:d1:fb:d4:e3:fa,DHCP-Server-02,DISCOVER,VLAN-50,192.168.5.1,,0,0,TXN-000194,Pending,No
2026-03-14 13:04:53,192.168.2.75,10:8c:73:93:56:ea,DHCP-Server-04,RELEASE,VLAN-20,192.168.2.1,,0,0,TXN-000195,Pending,No
2026-03-18 14:55:53,192.168.5.30,89:bb:15:e1:6f:d9,DHCP-Server-01,DECLINE,VLAN-50,192.168.5.1,,0,0,TXN-000196,No,No
2026-03-14 10:22:53,192.168.2.77,10:e6:86:b2:2c:e0,DHCP-Server-01,INFORM,VLAN-20,192.168.2.1,,0,0,TXN-000197,Pending,No
2026-03-12 00:11:53,192.168.2.208,b3:db:54:47:69:69,DHCP-Server-01,RELEASE,VLAN-20,192.168.2.1,,0,0,TXN-000198,Pending,No
2026-03-12 17:37:53,192.168.3.153,56:a5:95:94:88:30,DHCP-Server-02,INFORM,VLAN-30,192.168.3.1,,0,0,TXN-000199,Pending,No
2026-03-12 14:18:53,192.168.1.71,40:43:7f:4a:a4:7e,DHCP-Server-04,ACK,VLAN-10,192.168.1.1,192.168.1.197,604800,324,TXN-000200,Yes,No
2026-03-14 12:44:53,192.168.4.97,e7:26:2f:ce:8e:bc,DHCP-Server-04,ACK,VLAN-40,192.168.4.1,192.168.4.198,3600,2,TXN-000201,Yes,No
2026-03-12 16:38:53,192.168.1.188,ea:b7:20:cb:6f:db,DHCP-Server-02,ACK,VLAN-10,192.168.1.1,192.168.1.132,3600,425,TXN-000202,Yes,No
2026-03-12 06:48:53,192.168.5.148,42:f8:af:18:17:32,DHCP-Server-04,DISCOVER,VLAN-50,192.168.5.1,,0,0,TXN-000203,Pending,No
2026-03-15 16:27:53,192.168.2.113,e9:00:db:67:43:9a,DHCP-Server-02,INFORM,VLAN-20,192.168.2.1,,0,0,TXN-000204,Pending,No
2026-03-12 17:34:53,192.168.3.24,b8:80:2a:be:54:1a,DHCP-Server-04,DECLINE,VLAN-30,192.168.3.1,,0,0,TXN-000205,No,No
2026-03-17 18:37:53,192.168.2.110,2e:30:00:6d:f4:27,DHCP-Server-02,RELEASE,VLAN-20,192.168.2.1,,0,0,TXN-000206,Pending,No
2026-03-14 15:13:53,192.168.4.3,04:af:3d:d8:43:f4,DHCP-Server-01,OFFER,VLAN-40,192.168.4.1,192.168.4.72,7200,375,TXN-000207,Pending,No
2026-03-15 02:16:53,192.168.1.81,bc:99:46:c3:44:49,DHCP-Server-01,RELEASE,VLAN-10,192.168.1.1,,0,0,TXN-000208,Pending,No
2026-03-17 10:47:53,192.168.5.167,54:e1:b3:6d:4d:d2,DHCP-Server-04,INFORM,VLAN-50,192.168.5.1,,0,0,TXN-000209,Pending,No
2026-03-14 08:44:53,192.168.1.36,3f:c4:b3:db:a1:47,DHCP-Server-02,REQUEST,VLAN-10,192.168.1.1,,0,0,TXN-000210,Pending,No
2026-03-18 01:28:53,192.168.2.142,91:0d:9a:69:60:c8,DHCP-Server-03,DECLINE,VLAN-20,192.168.2.1,,0,0,TXN-000211,No,No
2026-03-13 10:21:53,192.168.2.127,c5:39:7b:ff:24:06,DHCP-Server-03,REQUEST,VLAN-20,192.168.2.1,,0,0,TXN-000212,Pending,No
2026-03-18 10:09:53,192.168.5.108,bb:58:f1:25:08:22,DHCP-Server-01,REQUEST,VLAN-50,192.168.5.1,,0,0,TXN-000213,Pending,No
2026-03-18 11:34:53,192.168.1.243,cb:92:d4:d8:cd:2a,DHCP-Server-02,REQUEST,VLAN-10,192.168.1.1,,0,0,TXN-000214,Pending,No
2026-03-17 07:18:53,192.168.1.131,68:4f:a7:c8:21:9e,DHCP-Server-04,DECLINE,VLAN-10,192.168.1.1,,0,0,TXN-000215,No,No
2026-03-14 16:35:53,192.168.2.15,7d:2c:de:3b:e8:1c,DHCP-Server-03,DECLINE,VLAN-20,192.168.2.1,,0,0,TXN-000216,No,No
2026-03-17 07:23:53,192.168.2.31,06:46:05:53:fe:b1,DHCP-Server-03,OFFER,VLAN-20,192.168.2.1,192.168.2.82,3600,384,TXN-000217,Pending,No
2026-03-16 13:23:53,192.168.3.188,3c:0f:ab:db:8b:20,DHCP-Server-03,DECLINE,VLAN-30,192.168.3.1,,0,0,TXN-000218,No,No
2026-03-14 02:13:53,192.168.1.128,e9:b8:1c:ff:55:bc,DHCP-Server-02,REQUEST,VLAN-10,192.168.1.1,,0,0,TXN-000219,Pending,No
2026-03-12 23:59:53,192.168.5.173,3b:74:01:16:06:7d,DHCP-Server-01,ACK,VLAN-50,192.168.5.1,192.168.5.148,3600,472,TXN-000220,Yes,No
2026-03-13 00:42:53,192.168.1.142,d6:72:a4:7f:d5:a3,DHCP-Server-03,INFORM,VLAN-10,192.168.1.1,,0,0,TXN-000221,Pending,No
2026-03-16 19:56:53,192.168.3.31,1a:5b:72:17:cd:23,DHCP-Server-04,INFORM,VLAN-30,192.168.3.1,,0,0,TXN-000222,Pending,No
2026-03-15 22:58:53,192.168.3.84,2c:e9:04:bc:66:95,DHCP-Server-03,DECLINE,VLAN-30,192.168.3.1,,0,0,TXN-000223,No,No
2026-03-16 17:53:53,192.168.4.95,fc:64:7d:4d:03:d1,DHCP-Server-01,OFFER,VLAN-40,192.168.4.1,192.168.4.52,3600,487,TXN-000224,Pending,No
2026-03-16 14:29:53,192.168.4.218,9d:35:69:79:d6:fb,DHCP-Server-01,OFFER,VLAN-40,192.168.4.1,192.168.4.73,3600,23,TXN-000225,Pending,No
2026-03-17 05:45:53,192.168.5.106,be:ea:2b:30:44:c9,DHCP-Server-01,RELEASE,VLAN-50,192.168.5.1,,0,0,TXN-000226,Pending,No
2026-03-12 13:01:53,192.168.4.170,42:79:95:85:a1:c9,DHCP-Server-03,REQUEST,VLAN-40,192.168.4.1,,0,0,TXN-000227,Pending,No
2026-03-13 01:06:53,192.168.2.20,67:45:37:4f:36:54,DHCP-Server-04,ACK,VLAN-20,192.168.2.1,192.168.2.154,3600,62,TXN-000228,Yes,No
2026-03-12 14:47:53,192.168.2.116,9d:ed:87:3d:2e:50,DHCP-Server-03,INFORM,VLAN-20,192.168.2.1,,0,0,TXN-000229,Pending,No
2026-03-16 12:10:53,192.168.5.11,6e:a7:4b:2e:7f:b6,DHCP-Server-04,RELEASE,VLAN-50,192.168.5.1,,0,0,TXN-000230,Pending,Yes
2026-03-15 18:53:53,192.168.3.67,59:0f:cf:e7:7f:30,DHCP-Server-04,DISCOVER,VLAN-30,192.168.3.1,,0,0,TXN-000231,Pending,No
2026-03-13 04:04:53,192.168.2.32,06:1f:71:42:65:cd,DHCP-Server-03,DECLINE,VLAN-20,192.168.2.1,,0,0,TXN-000232,No,No
2026-03-14 18:07:53,192.168.1.150,84:26:0b:21:65:e3,DHCP-Server-02,DISCOVER,VLAN-10,192.168.1.1,,0,0,TXN-000233,Pending,No
2026-03-14 02:33:53,192.168.3.32,15:ec:19:56:dd:ca,DHCP-Server-04,DISCOVER,VLAN-30,192.168.3.1,,0,0,TXN-000234,Pending,No
2026-03-14 02:10:53,192.168.4.45,b5:6d:5f:8c:8f:e4,DHCP-Server-02,DISCOVER,VLAN-40,192.168.4.1,,0,0,TXN-000235,Pending,No
2026-03-18 00:40:53,192.168.5.63,97:ff:d2:f5:1f:2c,DHCP-Server-03,ACK,VLAN-50,192.168.5.1,192.168.5.157,604800,103,TXN-000236,Yes,No
2026-03-17 00:44:53,192.168.5.64,09:c3:b7:f5:f8:b0,DHCP-Server-03,ACK,VLAN-50,192.168.5.1,192.168.5.96,3600,14,TXN-000237,Yes,No
2026-03-13 12:30:53,192.168.2.8,8f:1d:f1:b7:77:51,DHCP-Server-01,OFFER,VLAN-20,192.168.2.1,192.168.2.118,604800,274,TXN-000238,Pending,No
2026-03-16 17:26:53,192.168.1.196,70:c6:b5:58:5a:79,DHCP-Server-03,INFORM,VLAN-10,192.168.1.1,,0,0,TXN-000239,Pending,No
2026-03-14 00:20:53,192.168.3.234,0e:b4:48:60:fc:9e,DHCP-Server-02,ACK,VLAN-30,192.168.3.1,192.168.3.73,86400,29,TXN-000240,Yes,No
2026-03-15 02:17:53,192.168.2.6,f4:00:a9:67:42:ae,DHCP-Server-02,INFORM,VLAN-20,192.168.2.1,,0,0,TXN-000241,Pending,No
2026-03-17 04:33:53,192.168.3.16,0b:4b:48:38:ba:25,DHCP-Server-03,DECLINE,VLAN-30,192.168.3.1,,0,0,TXN-000242,No,No
2026-03-14 18:26:53,192.168.4.151,33:ac:9a:a5:45:50,DHCP-Server-04,INFORM,VLAN-40,192.168.4.1,,0,0,TXN-000243,Pending,No
2026-03-12 18:49:53,192.168.4.167,a2:59:b6:72:59:c1,DHCP-Server-03,DECLINE,VLAN-40,192.168.4.1,,0,0,TXN-000244,No,No
2026-03-16 23:14:53,192.168.2.46,00:c8:10:5d:a2:71,DHCP-Server-01,ACK,VLAN-20,192.168.2.1,192.168.2.134,604800,382,TXN-000245,Yes,No
2026-03-18 04:30:53,192.168.3.252,a3:55:2d:ab:e4:05,DHCP-Server-03,OFFER,VLAN-30,192.168.3.1,192.168.3.67,604800,180,TXN-000246,Pending,No
2026-03-13 00:58:53,192.168.1.185,00:18:c5:e0:d6:55,DHCP-Server-04,ACK,VLAN-10,192.168.1.1,192.168.1.139,7200,280,TXN-000247,Yes,No
2026-03-12 12:02:53,192.168.4.202,73:53:e7:25:11:96,DHCP-Server-01,REQUEST,VLAN-40,192.168.4.1,,0,0,TXN-000248,Pending,No
2026-03-18 01:50:53,192.168.1.19,af:57:c0:52:26:2f,DHCP-Server-03,RELEASE,VLAN-10,192.168.1.1,,0,0,TXN-000249,Pending,No
2026-03-12 02:15:53,192.168.4.181,0f:dc:54:de:50:1b,DHCP-Server-01,REQUEST,VLAN-40,192.168.4.1,,0,0,TXN-000250,Pending,No
2026-03-12 23:42:53,192.168.2.105,87:90:98:79:31:19,DHCP-Server-04,RELEASE,VLAN-20,192.168.2.1,,0,0,TXN-000251,Pending,No
2026-03-14 14:46:53,192.168.4.40,1b:b8:01:da:2c:96,DHCP-Server-04,OFFER,VLAN-40,192.168.4.1,192.168.4.56,86400,106,TXN-000252,Pending,No
2026-03-13 19:38:53,192.168.3.251,29:f2:3b:9d:cb:f1,DHCP-Server-04,DECLINE,VLAN-30,192.168.3.1,,0,0,TXN-000253,No,No
2026-03-16 13:12:53,192.168.5.100,5e:bd:c3:bd:5f:e4,DHCP-Server-01,REQUEST,VLAN-50,192.168.5.1,,0,0,TXN-000254,Pending,No
2026-03-17 10:50:53,192.168.3.58,89:1f:4d:31:2b:b0,DHCP-Server-04,INFORM,VLAN-30,192.168.3.1,,0,0,TXN-000255,Pending,No
2026-03-17 09:40:53,192.168.5.16,c6:d6:f3:78:f3:99,DHCP-Server-01,ACK,VLAN-50,192.168.5.1,192.168.5.178,86400,293,TXN-000256,Yes,No
2026-03-14 08:36:53,192.168.5.174,4b:3d:e5:58:55:6c,DHCP-Server-02,OFFER,VLAN-50,192.168.5.1,192.168.5.158,86400,41,TXN-000257,Pending,No
2026-03-16 11:44:53,192.168.4.52,4b:84:a3:22:2c:c6,DHCP-Server-04,RELEASE,VLAN-40,192.168.4.1,,0,0,TXN-000258,Pending,No
2026-03-12 14:14:53,192.168.3.134,ea:06:d6:39:d4:4c,DHCP-Server-02,RELEASE,VLAN-30,192.168.3.1,,0,0,TXN-000259,Pending,No
2026-03-13 19:11:53,192.168.1.237,36:33:92:b0:d2:87,DHCP-Server-04,DECLINE,VLAN-10,192.168.1.1,,0,0,TXN-000260,No,No
2026-03-16 05:43:53,192.168.5.122,13:58:8d:ce:49:cd,DHCP-Server-01,ACK,VLAN-50,192.168.5.1,192.168.5.110,3600,26,TXN-000261,Yes,No
2026-03-11 22:49:53,192.168.3.230,be:0a:ac:9b:9f:8f,DHCP-Server-04,INFORM,VLAN-30,192.168.3.1,,0,0,TXN-000262,Pending,No
2026-03-16 08:50:53,192.168.1.249,74:44:99:e2:a4:89,DHCP-Server-04,RELEASE,VLAN-10,192.168.1.1,,0,0,TXN-000263,Pending,No
2026-03-14 22:39:53,192.168.2.114,6c:d0:f8:bf:1c:51,DHCP-Server-01,REQUEST,VLAN-20,192.168.2.1,,0,0,TXN-000264,Pending,No
2026-03-17 02:28:53,192.168.4.35,0e:58:62:66:1d:7f,DHCP-Server-01,ACK,VLAN-40,192.168.4.1,192.168.4.142,86400,361,TXN-000265,Yes,No
2026-03-15 04:07:53,192.168.3.211,ed:cb:3f:0f:7b:be,DHCP-Server-04,RELEASE,VLAN-30,192.168.3.1,,0,0,TXN-000266,Pending,No
2026-03-16 17:44:53,192.168.4.151,b3:b0:53:84:2e:91,DHCP-Server-01,ACK,VLAN-40,192.168.4.1,192.168.4.91,86400,438,TXN-000267,Yes,No
2026-03-18 05:59:53,192.168.2.220,71:73:69:89:d1:0a,DHCP-Server-01,ACK,VLAN-20,192.168.2.1,192.168.2.94,604800,308,TXN-000268,Yes,No
2026-03-17 11:07:53,192.168.2.65,9c:8c:d8:c0:b2:eb,DHCP-Server-03,OFFER,VLAN-20,192.168.2.1,192.168.2.127,7200,347,TXN-000269,Pending,No
2026-03-13 16:30:53,192.168.5.102,34:03:bf:90:98:37,DHCP-Server-04,DISCOVER,VLAN-50,192.168.5.1,,0,0,TXN-000270,Pending,No
2026-03-14 02:05:53,192.168.3.164,a6:8d:85:98:60:4c,DHCP-Server-02,DISCOVER,VLAN-30,192.168.3.1,,0,0,TXN-000271,Pending,No
2026-03-15 07:15:53,192.168.5.104,a3:47:0d:fe:97:84,DHCP-Server-04,ACK,VLAN-50,192.168.5.1,192.168.5.59,7200,299,TXN-000272,Yes,No
2026-03-14 09:40:53,192.168.5.209,61:af:71:f3:b7:99,DHCP-Server-02,INFORM,VLAN-50,192.168.5.1,,0,0,TXN-000273,Pending,No
2026-03-12 14:12:53,192.168.5.47,96:31:f1:41:84:5d,DHCP-Server-03,DECLINE,VLAN-50,192.168.5.1,,0,0,TXN-000274,No,No
2026-03-18 12:23:53,192.168.3.58,9d:d7:a9:be:85:96,DHCP-Server-04,INFORM,VLAN-30,192.168.3.1,,0,0,TXN-000275,Pending,No
2026-03-18 02:17:53,192.168.1.222,24:f1:63:3d:c3:98,DHCP-Server-04,DISCOVER,VLAN-10,192.168.1.1,,0,0,TXN-000276,Pending,No
2026-03-12 14:52:53,192.168.2.36,66:af:d1:ea:49:a1,DHCP-Server-02,INFORM,VLAN-20,192.168.2.1,,0,0,TXN-000277,Pending,No
2026-03-15 11:52:53,192.168.3.162,5a:a0:1d:02:e7:8c,DHCP-Server-02,INFORM,VLAN-30,192.168.3.1,,0,0,TXN-000278,Pending,No
2026-03-12 13:50:53,192.168.5.196,51:fa:2d:42:de:db,DHCP-Server-04,ACK,VLAN-50,192.168.5.1,192.168.5.148,7200,3,TXN-000279,Yes,Yes
2026-03-12 11:55:53,192.168.2.188,bf:07:a4:61:09:02,DHCP-Server-02,OFFER,VLAN-20,192.168.2.1,192.168.2.129,3600,67,TXN-000280,Pending,No
2026-03-18 13:45:53,192.168.5.151,9c:55:21:17:98:94,DHCP-Server-04,DECLINE,VLAN-50,192.168.5.1,,0,0,TXN-000281,No,No
2026-03-17 08:25:53,192.168.5.87,de:44:af:fa:b7:60,DHCP-Server-02,INFORM,VLAN-50,192.168.5.1,,0,0,TXN-000282,Pending,No
2026-03-17 15:32:53,192.168.2.58,43:6c:0b:56:3f:bb,DHCP-Server-01,ACK,VLAN-20,192.168.2.1,192.168.2.186,3600,320,TXN-000283,Yes,Yes
2026-03-17 23:15:53,192.168.1.170,37:0a:18:3b:d5:e3,DHCP-Server-04,DISCOVER,VLAN-10,192.168.1.1,,0,0,TXN-000284,Pending,No
2026-03-13 17:13:53,192.168.4.180,4e:69:04:9a:d7:33,DHCP-Server-03,RELEASE,VLAN-40,192.168.4.1,,0,0,TXN-000285,Pending,No
2026-03-12 13:45:53,192.168.2.108,35:3c:90:3a:36:fe,DHCP-Server-02,RELEASE,VLAN-20,192.168.2.1,,0,0,TXN-000286,Pending,No
2026-03-17 16:54:53,192.168.3.213,67:b7:d1:97:52:14,DHCP-Server-04,OFFER,VLAN-30,192.168.3.1,192.168.3.134,7200,121,TXN-000287,Pending,Yes
2026-03-12 20:06:53,192.168.1.233,38:fc:4c:2e:26:33,DHCP-Server-03,DECLINE,VLAN-10,192.168.1.1,,0,0,TXN-000288,No,No
2026-03-14 00:58:53,192.168.3.68,ed:19:33:59:14:94,DHCP-Server-03,INFORM,VLAN-30,192.168.3.1,,0,0,TXN-000289,Pending,No
2026-03-12 16:56:53,192.168.4.190,3b:30:17:04:46:57,DHCP-Server-03,REQUEST,VLAN-40,192.168.4.1,,0,0,TXN-000290,Pending,No
2026-03-18 16:43:53,192.168.5.69,2f:be:af:5d:3a:cd,DHCP-Server-04,ACK,VLAN-50,192.168.5.1,192.168.5.148,3600,354,TXN-000291,Yes,No
2026-03-12 16:47:53,192.168.4.167,55:39:43:1e:51:35,DHCP-Server-04,RELEASE,VLAN-40,192.168.4.1,,0,0,TXN-000292,Pending,No
2026-03-14 14:27:53,192.168.5.174,e0:5c:c2:b7:0e:42,DHCP-Server-04,ACK,VLAN-50,192.168.5.1,192.168.5.155,86400,226,TXN-000293,Yes,Yes
2026-03-16 12:29:53,192.168.3.168,a0:06:72:ad:30:dd,DHCP-Server-02,ACK,VLAN-30,192.168.3.1,192.168.3.148,3600,77,TXN-000294,Yes,No
2026-03-13 06:58:53,192.168.5.229,1b:05:50:f0:fd:54,DHCP-Server-01,INFORM,VLAN-50,192.168.5.1,,0,0,TXN-000295,Pending,No
2026-03-18 09:47:53,192.168.2.85,8e:19:72:c1:ce:78,DHCP-Server-01,ACK,VLAN-20,192.168.2.1,192.168.2.196,7200,230,TXN-000296,Yes,No
2026-03-14 17:27:53,192.168.4.115,a1:3c:fe:09:34:ce,DHCP-Server-04,DISCOVER,VLAN-40,192.168.4.1,,0,0,TXN-000297,Pending,No
2026-03-18 12:19:53,192.168.1.212,2e:9b:69:e9:ae:ba,DHCP-Server-01,INFORM,VLAN-10,192.168.1.1,,0,0,TXN-000298,Pending,No
2026-03-18 16:34:53,192.168.4.85,f2:ba:e7:3a:31:71,DHCP-Server-01,REQUEST,VLAN-40,192.168.4.1,,0,0,TXN-000299,Pending,No
2026-03-12 09:05:53,192.168.3.141,bf:36:17:54:fc:47,DHCP-Server-04,DISCOVER,VLAN-30,192.168.3.1,,0,0,TXN-000300,Pending,No
2026-03-12 20:37:53,192.168.2.49,3d:c9:6e:ea:61:ad,DHCP-Server-01,INFORM,VLAN-20,192.168.2.1,,0,0,TXN-000301,Pending,No
2026-03-16 16:42:53,192.168.5.32,e6:ea:44:ff:02:18,DHCP-Server-04,INFORM,VLAN-50,192.168.5.1,,0,0,TXN-000302,Pending,No
2026-03-18 13:36:53,192.168.5.200,5a:58:41:35:c6:a4,DHCP-Server-04,ACK,VLAN-50,192.168.5.1,192.168.5.120,604800,204,TXN-000303,Yes,No
2026-03-18 08:34:53,192.168.3.116,44:46:d3:99:a0:6f,DHCP-Server-02,OFFER,VLAN-30,192.168.3.1,192.168.3.138,3600,472,TXN-000304,Pending,No
2026-03-17 20:59:53,192.168.2.129,a5:3b:b4:f5:d5:92,DHCP-Server-04,INFORM,VLAN-20,192.168.2.1,,0,0,TXN-000305,Pending,Yes
2026-03-15 12:37:53,192.168.1.7,c3:4a:1b:1c:66:88,DHCP-Server-02,REQUEST,VLAN-10,192.168.1.1,,0,0,TXN-000306,Pending,No
2026-03-14 21:26:53,192.168.2.215,1f:97:68:10:b7:e7,DHCP-Server-01,RELEASE,VLAN-20,192.168.2.1,,0,0,TXN-000307,Pending,No
2026-03-14 06:00:53,192.168.5.222,72:c7:79:93:18:c3,DHCP-Server-04,ACK,VLAN-50,192.168.5.1,192.168.5.191,3600,28,TXN-000308,Yes,Yes
2026-03-15 12:01:53,192.168.3.52,e2:73:bc:64:63:96,DHCP-Server-04,OFFER,VLAN-30,192.168.3.1,192.168.3.97,86400,493,TXN-000309,Pending,No
2026-03-14 15:24:53,192.168.5.31,c1:14:db:8e:87:42,DHCP-Server-02,RELEASE,VLAN-50,192.168.5.1,,0,0,TXN-000310,Pending,No
2026-03-14 22:45:53,192.168.1.85,ee:4f:14:4e:a5:1a,DHCP-Server-03,ACK,VLAN-10,192.168.1.1,192.168.1.68,3600,402,TXN-000311,Yes,No
2026-03-16 10:18:53,192.168.5.57,5e:22:51:d4:ce:2f,DHCP-Server-03,OFFER,VLAN-50,192.168.5.1,192.168.5.134,604800,170,TXN-000312,Pending,No
2026-03-13 09:58:53,192.168.2.244,f3:04:3a:b1:e4:7b,DHCP-Server-02,DISCOVER,VLAN-20,192.168.2.1,,0,0,TXN-000313,Pending,No
2026-03-15 08:09:53,192.168.3.98,3a:c5:83:90:0c:bf,DHCP-Server-04,ACK,VLAN-30,192.168.3.1,192.168.3.125,86400,460,TXN-000314,Yes,No
2026-03-17 03:05:53,192.168.3.132,2a:31:55:03:21:6b,DHCP-Server-02,INFORM,VLAN-30,192.168.3.1,,0,0,TXN-000315,Pending,No
2026-03-15 12:34:53,192.168.1.53,de:24:4e:0c:eb:a9,DHCP-Server-01,DISCOVER,VLAN-10,192.168.1.1,,0,0,TXN-000316,Pending,No
2026-03-12 18:02:53,192.168.2.204,80:24:74:84:d0:c6,DHCP-Server-04,DECLINE,VLAN-20,192.168.2.1,,0,0,TXN-000317,No,No
2026-03-12 00:46:53,192.168.3.5,c7:3c:03:20:17:25,DHCP-Server-03,RELEASE,VLAN-30,192.168.3.1,,0,0,TXN-000318,Pending,No
2026-03-17 03:22:53,192.168.3.156,2c:90:e0:c3:ca:0f,DHCP-Server-04,OFFER,VLAN-30,192.168.3.1,192.168.3.84,604800,383,TXN-000319,Pending,No
2026-03-18 07:58:53,192.168.5.76,49:98:bf:05:48:3f,DHCP-Server-01,DISCOVER,VLAN-50,192.168.5.1,,0,0,TXN-000320,Pending,No
2026-03-13 01:32:53,192.168.4.138,2b:9c:6b:b0:6c:d3,DHCP-Server-02,OFFER,VLAN-40,192.168.4.1,192.168.4.106,604800,316,TXN-000321,Pending,No
2026-03-12 18:14:53,192.168.2.30,5c:1b:ec:25:94:22,DHCP-Server-03,DISCOVER,VLAN-20,192.168.2.1,,0,0,TXN-000322,Pending,No
2026-03-18 01:02:53,192.168.5.125,a9:b6:41:78:33:91,DHCP-Server-01,OFFER,VLAN-50,192.168.5.1,192.168.5.174,3600,231,TXN-000323,Pending,No
2026-03-14 08:26:53,192.168.3.178,4e:ba:a1:db:56:02,DHCP-Server-03,OFFER,VLAN-30,192.168.3.1,192.168.3.161,604800,142,TXN-000324,Pending,No
2026-03-17 16:22:53,192.168.2.174,a9:f5:ec:e4:b7:9c,DHCP-Server-04,RELEASE,VLAN-20,192.168.2.1,,0,0,TXN-000325,Pending,No
2026-03-14 22:39:53,192.168.5.21,8f:47:64:86:27:26,DHCP-Server-01,INFORM,VLAN-50,192.168.5.1,,0,0,TXN-000326,Pending,No
2026-03-13 10:24:53,192.168.1.209,cf:6c:12:85:f1:4c,DHCP-Server-03,ACK,VLAN-10,192.168.1.1,192.168.1.200,604800,376,TXN-000327,Yes,No
2026-03-15 21:32:53,192.168.2.119,2e:cb:ba:05:7a:54,DHCP-Server-02,ACK,VLAN-20,192.168.2.1,192.168.2.95,604800,290,TXN-000328,Yes,No
2026-03-12 17:01:53,192.168.2.189,f7:b7:14:70:f9:76,DHCP-Server-01,REQUEST,VLAN-20,192.168.2.1,,0,0,TXN-000329,Pending,No
2026-03-14 16:56:53,192.168.1.172,69:b8:c6:f0:e8:17,DHCP-Server-01,DECLINE,VLAN-10,192.168.1.1,,0,0,TXN-000330,No,No
2026-03-16 03:08:53,192.168.5.163,8c:86:59:c0:c1:bb,DHCP-Server-01,RELEASE,VLAN-50,192.168.5.1,,0,0,TXN-000331,Pending,No
2026-03-15 04:03:53,192.168.2.133,cf:b4:b0:f9:f6:03,DHCP-Server-02,ACK,VLAN-20,192.168.2.1,192.168.2.108,604800,40,TXN-000332,Yes,No
2026-03-13 17:18:53,192.168.3.55,4c:5f:50:b9:3c:75,DHCP-Server-04,INFORM,VLAN-30,192.168.3.1,,0,0,TXN-000333,Pending,No
2026-03-16 21:53:53,192.168.1.124,f5:f5:6b:52:d2:0b,DHCP-Server-02,DISCOVER,VLAN-10,192.168.1.1,,0,0,TXN-000334,Pending,No
2026-03-18 02:34:53,192.168.5.42,44:14:4b:1c:55:84,DHCP-Server-02,RELEASE,VLAN-50,192.168.5.1,,0,0,TXN-000335,Pending,No
2026-03-15 08:50:53,192.168.5.249,09:91:2b:6e:e5:f1,DHCP-Server-04,OFFER,VLAN-50,192.168.5.1,192.168.5.155,604800,308,TXN-000336,Pending,No
2026-03-18 21:15:53,192.168.5.211,5d:87:55:af:e8:23,DHCP-Server-02,ACK,VLAN-50,192.168.5.1,192.168.5.83,7200,56,TXN-000337,Yes,Yes
2026-03-17 22:40:53,192.168.5.221,d6:4c:31:5a:f3:13,DHCP-Server-01,DISCOVER,VLAN-50,192.168.5.1,,0,0,TXN-000338,Pending,No
2026-03-12 00:22:53,192.168.2.231,00:dc:d7:bd:16:db,DHCP-Server-02,INFORM,VLAN-20,192.168.2.1,,0,0,TXN-000339,Pending,No
2026-03-18 05:40:53,192.168.4.90,32:d9:44:82:f4:77,DHCP-Server-01,REQUEST,VLAN-40,192.168.4.1,,0,0,TXN-000340,Pending,No
2026-03-15 07:59:53,192.168.5.105,83:60:02:03:3c:03,DHCP-Server-04,DECLINE,VLAN-50,192.168.5.1,,0,0,TXN-000341,No,No
2026-03-13 02:31:53,192.168.3.105,b9:36:4f:da:81:85,DHCP-Server-04,RELEASE,VLAN-30,192.168.3.1,,0,0,TXN-000342,Pending,No
2026-03-13 10:54:53,192.168.3.254,cb:68:d3:f7:5b:bd,DHCP-Server-04,REQUEST,VLAN-30,192.168.3.1,,0,0,TXN-000343,Pending,No
2026-03-14 22:27:53,192.168.5.89,cb:46:3c:75:e4:52,DHCP-Server-01,OFFER,VLAN-50,192.168.5.1,192.168.5.136,7200,411,TXN-000344,Pending,No
2026-03-13 05:45:53,192.168.1.42,c7:02:2e:4a:f1:de,DHCP-Server-01,DISCOVER,VLAN-10,192.168.1.1,,0,0,TXN-000345,Pending,No
2026-03-13 03:27:53,192.168.3.21,13:c4:cd:92:1d:59,DHCP-Server-04,ACK,VLAN-30,192.168.3.1,192.168.3.101,86400,436,TXN-000346,Yes,No
2026-03-18 05:18:53,192.168.5.74,63:11:76:56:12:b8,DHCP-Server-02,DECLINE,VLAN-50,192.168.5.1,,0,0,TXN-000347,No,Yes
2026-03-13 16:40:53,192.168.2.23,8d:cc:b4:ca:cf:66,DHCP-Server-01,DECLINE,VLAN-20,192.168.2.1,,0,0,TXN-000348,No,No
2026-03-15 00:36:53,192.168.1.141,91:b2:b1:8d:73:63,DHCP-Server-04,ACK,VLAN-10,192.168.1.1,192.168.1.116,86400,90,TXN-000349,Yes,No
2026-03-15 03:10:53,192.168.1.144,25:96:ae:3b:83:80,DHCP-Server-04,ACK,VLAN-10,192.168.1.1,192.168.1.112,7200,388,TXN-000350,Yes,No
2026-03-18 19:23:53,192.168.4.175,eb:0e:f6:3b:84:22,DHCP-Server-04,DECLINE,VLAN-40,192.168.4.1,,0,0,TXN-000351,No,No
2026-03-14 07:44:53,192.168.2.174,75:a1:d3:b4:04:86,DHCP-Server-02,REQUEST,VLAN-20,192.168.2.1,,0,0,TXN-000352,Pending,No
2026-03-15 19:51:53,192.168.3.20,5b:f3:a0:b5:6f:89,DHCP-Server-02,DECLINE,VLAN-30,192.168.3.1,,0,0,TXN-000353,No,No
2026-03-14 05:49:53,192.168.2.128,66:78:7b:87:69:75,DHCP-Server-02,INFORM,VLAN-20,192.168.2.1,,0,0,TXN-000354,Pending,No
2026-03-14 22:19:53,192.168.5.92,4f:36:3d:28:fc:03,DHCP-Server-01,INFORM,VLAN-50,192.168.5.1,,0,0,TXN-000355,Pending,No
2026-03-17 16:14:53,192.168.5.81,fc:8c:fb:5d:8f:cb,DHCP-Server-02,INFORM,VLAN-50,192.168.5.1,,0,0,TXN-000356,Pending,No
2026-03-17 11:38:53,192.168.1.135,d8:f4:10:b1:c9:59,DHCP-Server-04,DISCOVER,VLAN-10,192.168.1.1,,0,0,TXN-000357,Pending,No
2026-03-14 18:48:53,192.168.4.81,04:06:6b:c2:33:a6,DHCP-Server-03,RELEASE,VLAN-40,192.168.4.1,,0,0,TXN-000358,Pending,No
2026-03-12 12:06:53,192.168.2.141,86:79:89:f1:af:bb,DHCP-Server-02,ACK,VLAN-20,192.168.2.1,192.168.2.103,7200,215,TXN-000359,Yes,No
2026-03-12 23:26:53,192.168.3.94,cd:8f:e6:5c:43:75,DHCP-Server-01,DECLINE,VLAN-30,192.168.3.1,,0,0,TXN-000360,No,No
2026-03-16 17:53:53,192.168.2.143,dd:c3:64:4a:4c:f2,DHCP-Server-01,OFFER,VLAN-20,192.168.2.1,192.168.2.177,7200,69,TXN-000361,Pending,No
2026-03-15 01:47:53,192.168.5.137,a1:f9:99:80:18:cb,DHCP-Server-01,DECLINE,VLAN-50,192.168.5.1,,0,0,TXN-000362,No,No
2026-03-12 10:16:53,192.168.2.209,82:f3:31:e6:ab:85,DHCP-Server-03,REQUEST,VLAN-20,192.168.2.1,,0,0,TXN-000363,Pending,No
2026-03-11 23:12:53,192.168.3.89,0a:d2:3e:b3:65:59,DHCP-Server-03,REQUEST,VLAN-30,192.168.3.1,,0,0,TXN-000364,Pending,No
2026-03-15 17:18:53,192.168.5.125,e4:28:c3:92:ed:4a,DHCP-Server-02,DECLINE,VLAN-50,192.168.5.1,,0,0,TXN-000365,No,No
2026-03-13 09:57:53,192.168.3.108,cf:24:28:52:af:74,DHCP-Server-03,REQUEST,VLAN-30,192.168.3.1,,0,0,TXN-000366,Pending,No
2026-03-14 21:45:53,192.168.3.155,ca:8a:e3:b9:e6:d3,DHCP-Server-02,OFFER,VLAN-30,192.168.3.1,192.168.3.82,86400,373,TXN-000367,Pending,No
2026-03-13 18:21:53,192.168.3.241,28:6b:55:cb:34:30,DHCP-Server-01,ACK,VLAN-30,192.168.3.1,192.168.3.56,86400,395,TXN-000368,Yes,No
2026-03-16 22:53:53,192.168.1.27,86:4f:2b:c7:9e:75,DHCP-Server-02,DECLINE,VLAN-10,192.168.1.1,,0,0,TXN-000369,No,No
2026-03-18 04:52:53,192.168.2.34,57:0e:11:b6:a6:f3,DHCP-Server-04,INFORM,VLAN-20,192.168.2.1,,0,0,TXN-000370,Pending,No
2026-03-16 19:01:53,192.168.3.141,e3:45:5a:e9:de:9e,DHCP-Server-03,ACK,VLAN-30,192.168.3.1,192.168.3.72,604800,227,TXN-000371,Yes,No
2026-03-18 07:23:53,192.168.4.67,4f:9b:05:00:45:b0,DHCP-Server-03,ACK,VLAN-40,192.168.4.1,192.168.4.175,86400,485,TXN-000372,Yes,No
2026-03-12 00:52:53,192.168.3.3,dc:95:76:03:bf:60,DHCP-Server-04,RELEASE,VLAN-30,192.168.3.1,,0,0,TXN-000373,Pending,No
2026-03-13 04:46:53,192.168.2.42,c7:c1:70:86:28:d8,DHCP-Server-02,RELEASE,VLAN-20,192.168.2.1,,0,0,TXN-000374,Pending,No
2026-03-12 18:46:53,192.168.5.207,8b:91:89:d3:60:23,DHCP-Server-02,OFFER,VLAN-50,192.168.5.1,192.168.5.78,3600,327,TXN-000375,Pending,No
2026-03-13 14:56:53,192.168.4.70,fb:60:a4:09:4d:19,DHCP-Server-01,OFFER,VLAN-40,192.168.4.1,192.168.4.122,86400,138,TXN-000376,Pending,No
2026-03-18 03:12:53,192.168.4.187,04:77:2e:4d:07:fc,DHCP-Server-02,REQUEST,VLAN-40,192.168.4.1,,0,0,TXN-000377,Pending,No
2026-03-12 08:04:53,192.168.4.96,ed:10:a9:29:4a:1c,DHCP-Server-03,INFORM,VLAN-40,192.168.4.1,,0,0,TXN-000378,Pending,No
2026-03-16 03:03:53,192.168.5.121,5c:62:80:c3:06:3e,DHCP-Server-02,ACK,VLAN-50,192.168.5.1,192.168.5.113,7200,378,TXN-000379,Yes,No
2026-03-18 13:17:53,192.168.2.118,30:6a:f2:c7:9f:a5,DHCP-Server-02,DECLINE,VLAN-20,192.168.2.1,,0,0,TXN-000380,No,No
2026-03-18 05:06:53,192.168.5.134,3e:81:f6:98:65:b8,DHCP-Server-01,INFORM,VLAN-50,192.168.5.1,,0,0,TXN-000381,Pending,No
2026-03-13 14:40:53,192.168.1.61,de:a6:07:55:8d:3d,DHCP-Server-04,INFORM,VLAN-10,192.168.1.1,,0,0,TXN-000382,Pending,No
2026-03-16 19:35:53,192.168.1.149,f3:4f:be:2d:7f:50,DHCP-Server-04,DISCOVER,VLAN-10,192.168.1.1,,0,0,TXN-000383,Pending,No
2026-03-13 09:02:53,192.168.3.239,1e:1e:b6:4e:36:40,DHCP-Server-04,OFFER,VLAN-30,192.168.3.1,192.168.3.192,3600,404,TXN-000384,Pending,No
2026-03-12 09:39:53,192.168.3.207,e0:62:0a:c1:b7:44,DHCP-Server-03,DISCOVER,VLAN-30,192.168.3.1,,0,0,TXN-000385,Pending,No
2026-03-15 10:24:53,192.168.4.144,96:fa:61:5f:b2:a5,DHCP-Server-04,REQUEST,VLAN-40,192.168.4.1,,0,0,TXN-000386,Pending,No
2026-03-16 01:48:53,192.168.5.235,52:23:4f:e6:97:86,DHCP-Server-03,ACK,VLAN-50,192.168.5.1,192.168.5.179,86400,195,TXN-000387,Yes,No
2026-03-12 09:07:53,192.168.1.159,ba:7a:a4:20:c6:61,DHCP-Server-04,INFORM,VLAN-10,192.168.1.1,,0,0,TXN-000388,Pending,No
2026-03-15 23:56:53,192.168.5.73,a5:d1:a4:38:31:22,DHCP-Server-01,INFORM,VLAN-50,192.168.5.1,,0,0,TXN-000389,Pending,No
2026-03-14 07:35:53,192.168.2.224,10:67:36:f8:62:32,DHCP-Server-01,RELEASE,VLAN-20,192.168.2.1,,0,0,TXN-000390,Pending,No
2026-03-14 18:22:53,192.168.4.169,fa:83:19:bb:71:24,DHCP-Server-01,OFFER,VLAN-40,192.168.4.1,192.168.4.70,7200,240,TXN-000391,Pending,No
2026-03-13 02:18:53,192.168.1.93,d4:bc:1d:88:14:24,DHCP-Server-03,DISCOVER,VLAN-10,192.168.1.1,,0,0,TXN-000392,Pending,No
2026-03-15 22:48:53,192.168.5.25,33:76:c5:61:62:7f,DHCP-Server-02,RELEASE,VLAN-50,192.168.5.1,,0,0,TXN-000393,Pending,No
2026-03-18 07:07:53,192.168.4.192,36:b7:ea:da:35:55,DHCP-Server-02,RELEASE,VLAN-40,192.168.4.1,,0,0,TXN-000394,Pending,No
2026-03-16 13:12:53,192.168.3.169,50:e2:b4:a1:a6:be,DHCP-Server-04,INFORM,VLAN-30,192.168.3.1,,0,0,TXN-000395,Pending,No
2026-03-13 16:26:53,192.168.3.156,7b:6d:c0:82:b8:e7,DHCP-Server-04,ACK,VLAN-30,192.168.3.1,192.168.3.58,86400,146,TXN-000396,Yes,No
2026-03-14 14:52:53,192.168.5.35,9a:03:99:71:6d:a1,DHCP-Server-01,INFORM,VLAN-50,192.168.5.1,,0,0,TXN-000397,Pending,No
2026-03-13 18:36:53,192.168.3.236,4f:30:13:eb:b6:4f,DHCP-Server-02,REQUEST,VLAN-30,192.168.3.1,,0,0,TXN-000398,Pending,No
2026-03-13 22:34:53,192.168.5.64,77:83:99:2f:cc:6f,DHCP-Server-01,DECLINE,VLAN-50,192.168.5.1,,0,0,TXN-000399,No,No
2026-03-16 14:49:53,192.168.4.45,f9:30:99:13:c3:28,DHCP-Server-01,INFORM,VLAN-40,192.168.4.1,,0,0,TXN-000400,Pending,No
2026-03-12 05:00:53,192.168.4.107,3d:74:05:c3:1b:9c,DHCP-Server-01,REQUEST,VLAN-40,192.168.4.1,,0,0,TXN-000401,Pending,No
2026-03-13 23:12:53,192.168.2.84,71:4e:19:c9:e4:2e,DHCP-Server-02,ACK,VLAN-20,192.168.2.1,192.168.2.150,3600,76,TXN-000402,Yes,No
2026-03-15 16:56:53,192.168.1.122,19:cc:86:2b:cc:de,DHCP-Server-02,INFORM,VLAN-10,192.168.1.1,,0,0,TXN-000403,Pending,No
2026-03-16 14:39:53,192.168.5.51,f9:ca:64:7e:7c:24,DHCP-Server-03,INFORM,VLAN-50,192.168.5.1,,0,0,TXN-000404,Pending,No
2026-03-14 17:59:53,192.168.5.23,39:d3:d8:bb:b2:61,DHCP-Server-03,REQUEST,VLAN-50,192.168.5.1,,0,0,TXN-000405,Pending,No
2026-03-14 23:05:53,192.168.1.198,9c:56:b3:e2:4a:e1,DHCP-Server-01,INFORM,VLAN-10,192.168.1.1,,0,0,TXN-000406,Pending,No
2026-03-13 17:42:53,192.168.3.40,2b:39:1b:7c:4b:93,DHCP-Server-01,REQUEST,VLAN-30,192.168.3.1,,0,0,TXN-000407,Pending,No
2026-03-13 03:45:53,192.168.1.79,e6:f1:0b:a9:6b:6c,DHCP-Server-02,RELEASE,VLAN-10,192.168.1.1,,0,0,TXN-000408,Pending,No
2026-03-16 06:41:53,192.168.3.141,f7:48:09:c0:16:82,DHCP-Server-02,DISCOVER,VLAN-30,192.168.3.1,,0,0,TXN-000409,Pending,No
2026-03-12 08:48:53,192.168.5.70,1b:ee:04:22:c6:8a,DHCP-Server-03,INFORM,VLAN-50,192.168.5.1,,0,0,TXN-000410,Pending,No
2026-03-17 06:45:53,192.168.3.223,c5:76:c2:32:a1:f8,DHCP-Server-01,OFFER,VLAN-30,192.168.3.1,192.168.3.178,604800,495,TXN-000411,Pending,No
2026-03-14 10:58:53,192.168.1.11,7e:9c:aa:fa:c9:50,DHCP-Server-01,REQUEST,VLAN-10,192.168.1.1,,0,0,TXN-000412,Pending,No
2026-03-14 04:43:53,192.168.3.161,9a:78:8d:1f:83:c6,DHCP-Server-01,RELEASE,VLAN-30,192.168.3.1,,0,0,TXN-000413,Pending,No
2026-03-17 03:55:53,192.168.2.39,ae:c9:46:2c:c3:74,DHCP-Server-04,OFFER,VLAN-20,192.168.2.1,192.168.2.159,604800,497,TXN-000414,Pending,No
2026-03-15 21:42:53,192.168.5.85,e5:43:69:46:67:46,DHCP-Server-03,DECLINE,VLAN-50,192.168.5.1,,0,0,TXN-000415,No,No
2026-03-15 09:34:53,192.168.5.233,45:dc:4a:50:a2:22,DHCP-Server-01,OFFER,VLAN-50,192.168.5.1,192.168.5.87,3600,373,TXN-000416,Pending,Yes
2026-03-14 12:22:53,192.168.3.226,d3:d2:9b:e2:8c:4d,DHCP-Server-02,DISCOVER,VLAN-30,192.168.3.1,,0,0,TXN-000417,Pending,No
2026-03-14 11:06:53,192.168.1.196,88:76:76:76:0d:b7,DHCP-Server-01,DECLINE,VLAN-10,192.168.1.1,,0,0,TXN-000418,No,No
2026-03-12 04:41:53,192.168.2.129,f0:bf:5e:c6:fb:f2,DHCP-Server-02,OFFER,VLAN-20,192.168.2.1,192.168.2.107,604800,17,TXN-000419,Pending,No
2026-03-14 02:58:53,192.168.1.237,8a:d3:71:67:68:21,DHCP-Server-02,ACK,VLAN-10,192.168.1.1,192.168.1.133,7200,444,TXN-000420,Yes,No
2026-03-16 11:02:53,192.168.2.110,cf:15:c2:a0:c9:13,DHCP-Server-01,ACK,VLAN-20,192.168.2.1,192.168.2.60,7200,450,TXN-000421,Yes,No
2026-03-15 15:52:53,192.168.5.138,ca:14:c6:19:61:95,DHCP-Server-04,ACK,VLAN-50,192.168.5.1,192.168.5.123,3600,237,TXN-000422,Yes,No
2026-03-15 02:18:53,192.168.3.157,1b:48:ed:e7:2e:39,DHCP-Server-02,INFORM,VLAN-30,192.168.3.1,,0,0,TXN-000423,Pending,No
2026-03-12 17:11:53,192.168.5.35,c9:d3:a5:e6:0c:5b,DHCP-Server-04,RELEASE,VLAN-50,192.168.5.1,,0,0,TXN-000424,Pending,No
2026-03-15 02:27:53,192.168.2.226,e8:2e:80:a5:53:3f,DHCP-Server-01,DISCOVER,VLAN-20,192.168.2.1,,0,0,TXN-000425,Pending,No
2026-03-15 22:07:53,192.168.3.22,c4:51:c1:c2:16:57,DHCP-Server-03,RELEASE,VLAN-30,192.168.3.1,,0,0,TXN-000426,Pending,No
2026-03-17 17:20:53,192.168.2.42,4a:5b:1a:d6:9d:9e,DHCP-Server-04,REQUEST,VLAN-20,192.168.2.1,,0,0,TXN-000427,Pending,No
2026-03-16 11:22:53,192.168.1.231,43:67:01:81:06:ea,DHCP-Server-04,INFORM,VLAN-10,192.168.1.1,,0,0,TXN-000428,Pending,No
2026-03-18 00:39:53,192.168.1.156,fc:79:6f:f3:e8:d1,DHCP-Server-04,DISCOVER,VLAN-10,192.168.1.1,,0,0,TXN-000429,Pending,No
2026-03-15 16:39:53,192.168.1.63,8e:6a:19:5e:4b:1c,DHCP-Server-03,DISCOVER,VLAN-10,192.168.1.1,,0,0,TXN-000430,Pending,No
2026-03-12 05:46:53,192.168.1.171,98:a9:2c:19:37:d5,DHCP-Server-02,OFFER,VLAN-10,192.168.1.1,192.168.1.196,3600,404,TXN-000431,Pending,No
2026-03-13 05:43:53,192.168.4.192,b8:12:2f:99:a5:bc,DHCP-Server-04,INFORM,VLAN-40,192.168.4.1,,0,0,TXN-000432,Pending,No
2026-03-14 21:33:53,192.168.4.216,21:95:f1:44:3e:8c,DHCP-Server-03,RELEASE,VLAN-40,192.168.4.1,,0,0,TXN-000433,Pending,No
2026-03-13 22:59:53,192.168.2.179,6b:1d:37:2c:f7:93,DHCP-Server-04,RELEASE,VLAN-20,192.168.2.1,,0,0,TXN-000434,Pending,No
2026-03-18 12:46:53,192.168.3.135,b5:42:fe:fe:fc:5c,DHCP-Server-02,DECLINE,VLAN-30,192.168.3.1,,0,0,TXN-000435,No,No
2026-03-14 22:43:53,192.168.2.1,3c:0c:ee:3c:6a:d4,DHCP-Server-04,DISCOVER,VLAN-20,192.168.2.1,,0,0,TXN-000436,Pending,No
2026-03-12 08:40:53,192.168.5.207,6c:05:67:90:82:22,DHCP-Server-03,REQUEST,VLAN-50,192.168.5.1,,0,0,TXN-000437,Pending,No
2026-03-13 03:50:53,192.168.3.197,03:3a:aa:ae:ca:0e,DHCP-Server-02,OFFER,VLAN-30,192.168.3.1,192.168.3.136,3600,473,TXN-000438,Pending,No
2026-03-18 17:08:53,192.168.4.205,12:45:f6:4f:eb:ab,DHCP-Server-04,INFORM,VLAN-40,192.168.4.1,,0,0,TXN-000439,Pending,No
2026-03-16 20:53:53,192.168.1.214,99:a1:09:6a:a9:b5,DHCP-Server-01,OFFER,VLAN-10,192.168.1.1,192.168.1.57,3600,174,TXN-000440,Pending,No
2026-03-15 20:37:53,192.168.5.216,54:c7:5f:3b:9d:a1,DHCP-Server-01,REQUEST,VLAN-50,192.168.5.1,,0,0,TXN-000441,Pending,No
2026-03-15 11:53:53,192.168.4.225,79:be:e7:9a:6e:9a,DHCP-Server-02,DISCOVER,VLAN-40,192.168.4.1,,0,0,TXN-000442,Pending,No
2026-03-16 21:23:53,192.168.1.200,67:2f:e3:0c:f7:4e,DHCP-Server-02,REQUEST,VLAN-10,192.168.1.1,,0,0,TXN-000443,Pending,No
2026-03-18 19:46:53,192.168.5.80,a7:49:32:43:69:12,DHCP-Server-04,ACK,VLAN-50,192.168.5.1,192.168.5.51,86400,160,TXN-000444,Yes,No
2026-03-17 17:53:53,192.168.5.224,2c:aa:ef:17:34:9f,DHCP-Server-01,RELEASE,VLAN-50,192.168.5.1,,0,0,TXN-000445,Pending,No
2026-03-13 05:48:53,192.168.2.83,66:62:92:8d:a3:e1,DHCP-Server-01,REQUEST,VLAN-20,192.168.2.1,,0,0,TXN-000446,Pending,No
2026-03-16 07:25:53,192.168.3.30,07:34:69:b3:a3:8a,DHCP-Server-02,DECLINE,VLAN-30,192.168.3.1,,0,0,TXN-000447,No,No
2026-03-18 11:40:53,192.168.5.63,57:24:9f:ad:e3:19,DHCP-Server-02,DISCOVER,VLAN-50,192.168.5.1,,0,0,TXN-000448,Pending,No
2026-03-14 02:08:53,192.168.1.28,c4:1b:2c:da:c8:5b,DHCP-Server-04,RELEASE,VLAN-10,192.168.1.1,,0,0,TXN-000449,Pending,No
2026-03-14 19:47:53,192.168.3.210,65:28:ee:43:2f:ef,DHCP-Server-01,ACK,VLAN-30,192.168.3.1,192.168.3.169,3600,241,TXN-000450,Yes,No
2026-03-12 10:21:53,192.168.2.37,84:ba:c8:5d:a9:a6,DHCP-Server-04,ACK,VLAN-20,192.168.2.1,192.168.2.66,86400,244,TXN-000451,Yes,No
2026-03-16 21:18:53,192.168.4.119,57:90:b2:41:34:cf,DHCP-Server-01,REQUEST,VLAN-40,192.168.4.1,,0,0,TXN-000452,Pending,No
2026-03-11 22:41:53,192.168.1.203,9a:ec:cd:d3:7a:7c,DHCP-Server-02,ACK,VLAN-10,192.168.1.1,192.168.1.66,7200,175,TXN-000453,Yes,No
2026-03-17 20:12:53,192.168.5.111,de:af:78:58:27:f9,DHCP-Server-01,RELEASE,VLAN-50,192.168.5.1,,0,0,TXN-000454,Pending,No
2026-03-18 01:15:53,192.168.3.143,31:e3:5a:9d:cf:23,DHCP-Server-01,DECLINE,VLAN-30,192.168.3.1,,0,0,TXN-000455,No,No
2026-03-14 04:02:53,192.168.4.84,fd:1f:2e:6f:47:00,DHCP-Server-02,DECLINE,VLAN-40,192.168.4.1,,0,0,TXN-000456,No,No
2026-03-16 01:41:53,192.168.5.75,c7:e4:64:69:a2:99,DHCP-Server-03,ACK,VLAN-50,192.168.5.1,192.168.5.72,3600,299,TXN-000457,Yes,Yes
2026-03-16 20:00:53,192.168.5.104,41:96:1f:bd:1b:00,DHCP-Server-03,DISCOVER,VLAN-50,192.168.5.1,,0,0,TXN-000458,Pending,No
2026-03-12 17:20:53,192.168.1.61,dd:c9:a2:c3:cf:c3,DHCP-Server-04,RELEASE,VLAN-10,192.168.1.1,,0,0,TXN-000459,Pending,No
2026-03-15 16:23:53,192.168.2.122,47:60:c4:b8:d5:4e,DHCP-Server-03,INFORM,VLAN-20,192.168.2.1,,0,0,TXN-000460,Pending,No
2026-03-15 11:57:53,192.168.2.3,24:08:49:f9:df:45,DHCP-Server-01,OFFER,VLAN-20,192.168.2.1,192.168.2.166,7200,458,TXN-000461,Pending,No
2026-03-13 08:15:53,192.168.5.239,d9:5c:e8:d9:e6:c4,DHCP-Server-03,OFFER,VLAN-50,192.168.5.1,192.168.5.158,604800,310,TXN-000462,Pending,Yes
2026-03-15 08:14:53,192.168.4.217,79:89:d2:bb:11:13,DHCP-Server-04,DECLINE,VLAN-40,192.168.4.1,,0,0,TXN-000463,No,No
2026-03-17 16:42:53,192.168.5.124,28:48:8f:ee:28:2d,DHCP-Server-02,ACK,VLAN-50,192.168.5.1,192.168.5.188,86400,409,TXN-000464,Yes,No
2026-03-15 10:41:53,192.168.5.14,af:05:f0:e8:f0:a9,DHCP-Server-04,REQUEST,VLAN-50,192.168.5.1,,0,0,TXN-000465,Pending,No
2026-03-16 13:45:53,192.168.3.75,55:12:9b:85:1f:f2,DHCP-Server-02,RELEASE,VLAN-30,192.168.3.1,,0,0,TXN-000466,Pending,No
2026-03-15 15:18:53,192.168.3.208,0d:92:f8:2a:40:27,DHCP-Server-03,REQUEST,VLAN-30,192.168.3.1,,0,0,TXN-000467,Pending,No
2026-03-16 12:06:53,192.168.3.71,83:07:39:59:4d:e4,DHCP-Server-03,INFORM,VLAN-30,192.168.3.1,,0,0,TXN-000468,Pending,No
2026-03-15 06:58:53,192.168.2.125,5c:10:af:2b:4a:4e,DHCP-Server-04,INFORM,VLAN-20,192.168.2.1,,0,0,TXN-000469,Pending,No
2026-03-18 05:37:53,192.168.4.61,e1:55:6b:b0:1b:87,DHCP-Server-01,DISCOVER,VLAN-40,192.168.4.1,,0,0,TXN-000470,Pending,No
2026-03-13 08:59:53,192.168.4.122,9a:f3:77:c2:c7:f2,DHCP-Server-03,OFFER,VLAN-40,192.168.4.1,192.168.4.53,7200,148,TXN-000471,Pending,No
2026-03-14 02:37:53,192.168.4.98,a1:15:31:b5:dd:8b,DHCP-Server-03,REQUEST,VLAN-40,192.168.4.1,,0,0,TXN-000472,Pending,No
2026-03-16 17:02:53,192.168.1.66,c8:ec:7b:63:ac:5c,DHCP-Server-03,RELEASE,VLAN-10,192.168.1.1,,0,0,TXN-000473,Pending,Yes
2026-03-16 05:45:53,192.168.1.213,22:06:d2:32:35:e4,DHCP-Server-03,OFFER,VLAN-10,192.168.1.1,192.168.1.114,3600,99,TXN-000474,Pending,Yes
2026-03-13 21:45:53,192.168.5.24,1d:6f:3e:3d:2c:42,DHCP-Server-04,DECLINE,VLAN-50,192.168.5.1,,0,0,TXN-000475,No,No
2026-03-18 09:38:53,192.168.5.206,5e:38:5e:81:96:ef,DHCP-Server-01,DECLINE,VLAN-50,192.168.5.1,,0,0,TXN-000476,No,No
2026-03-15 08:24:53,192.168.3.197,da:a5:83:52:25:8d,DHCP-Server-01,ACK,VLAN-30,192.168.3.1,192.168.3.135,7200,31,TXN-000477,Yes,No
2026-03-16 13:07:53,192.168.3.46,e1:23:fb:66:c9:5b,DHCP-Server-04,DISCOVER,VLAN-30,192.168.3.1,,0,0,TXN-000478,Pending,No
2026-03-18 03:51:53,192.168.4.56,36:e2:84:34:11:25,DHCP-Server-01,RELEASE,VLAN-40,192.168.4.1,,0,0,TXN-000479,Pending,No
2026-03-11 22:20:53,192.168.4.5,fe:4c:00:13:c7:88,DHCP-Server-02,DECLINE,VLAN-40,192.168.4.1,,0,0,TXN-000480,No,No
2026-03-15 09:12:53,192.168.4.148,01:fb:f4:df:ce:23,DHCP-Server-02,DISCOVER,VLAN-40,192.168.4.1,,0,0,TXN-000481,Pending,No
2026-03-15 04:34:53,192.168.4.32,b7:aa:9b:cd:1c:2e,DHCP-Server-03,RELEASE,VLAN-40,192.168.4.1,,0,0,TXN-000482,Pending,No
2026-03-14 07:37:53,192.168.3.21,eb:94:67:5a:14:c4,DHCP-Server-02,REQUEST,VLAN-30,192.168.3.1,,0,0,TXN-000483,Pending,No
2026-03-16 19:37:53,192.168.1.162,b7:f9:2b:e0:61:47,DHCP-Server-01,OFFER,VLAN-10,192.168.1.1,192.168.1.111,86400,251,TXN-000484,Pending,No
2026-03-18 12:36:53,192.168.5.165,9d:ff:e6:08:12:ad,DHCP-Server-01,REQUEST,VLAN-50,192.168.5.1,,0,0,TXN-000485,Pending,No
2026-03-18 19:53:53,192.168.1.104,3c:6c:ea:4c:77:24,DHCP-Server-01,DECLINE,VLAN-10,192.168.1.1,,0,0,TXN-000486,No,No
2026-03-15 14:13:53,192.168.1.121,17:7c:42:07:58:19,DHCP-Server-03,INFORM,VLAN-10,192.168.1.1,,0,0,TXN-000487,Pending,No
2026-03-17 05:12:53,192.168.4.157,57:20:36:3a:fe:70,DHCP-Server-01,INFORM,VLAN-40,192.168.4.1,,0,0,TXN-000488,Pending,No
2026-03-16 22:52:53,192.168.3.208,cd:a6:3d:46:a4:6d,DHCP-Server-01,RELEASE,VLAN-30,192.168.3.1,,0,0,TXN-000489,Pending,No
2026-03-16 22:58:53,192.168.1.31,8c:48:d4:56:bd:54,DHCP-Server-04,OFFER,VLAN-10,192.168.1.1,192.168.1.84,86400,52,TXN-000490,Pending,No
2026-03-14 08:35:53,192.168.5.97,50:08:f9:29:03:03,DHCP-Server-02,DISCOVER,VLAN-50,192.168.5.1,,0,0,TXN-000491,Pending,No
2026-03-17 17:49:53,192.168.5.228,91:d5:f3:40:69:49,DHCP-Server-03,RELEASE,VLAN-50,192.168.5.1,,0,0,TXN-000492,Pending,No
2026-03-17 07:26:53,192.168.2.241,59:13:5c:ff:2d:9a,DHCP-Server-03,ACK,VLAN-20,192.168.2.1,192.168.2.192,86400,121,TXN-000493,Yes,No
2026-03-13 20:34:53,192.168.5.251,30:b9:70:ed:6a:8d,DHCP-Server-01,OFFER,VLAN-50,192.168.5.1,192.168.5.88,86400,351,TXN-000494,Pending,No
2026-03-12 21:23:53,192.168.4.128,5a:51:16:1b:ba:91,DHCP-Server-02,ACK,VLAN-40,192.168.4.1,192.168.4.135,3600,316,TXN-000495,Yes,No
2026-03-15 03:43:53,192.168.4.12,35:1a:5a:50:0e:f8,DHCP-Server-01,DISCOVER,VLAN-40,192.168.4.1,,0,0,TXN-000496,Pending,No
2026-03-17 18:59:53,192.168.4.152,a6:d6:65:a6:75:38,DHCP-Server-03,OFFER,VLAN-40,192.168.4.1,192.168.4.110,86400,378,TXN-000497,Pending,No
2026-03-15 17:45:53,192.168.2.97,70:25:f1:f8:1b:df,DHCP-Server-02,OFFER,VLAN-20,192.168.2.1,192.168.2.95,7200,199,TXN-000498,Pending,No
2026-03-12 23:44:53,192.168.4.185,63:b7:8a:67:ab:41,DHCP-Server-01,DECLINE,VLAN-40,192.168.4.1,,0,0,TXN-000499,No,No
